No.,UID,Ward,Name,Designation,Department,Password
1,MUMHQ00001,All Wards (HQ),"Dr. Bhushan Gagrani, IAS",Municipal Commissioner & Administrator,,mum_admin
2,MUMA001001,A,Santoshkumar Dhonde,Assistant Municipal Commissioner (Ward Officer),,mum_wardoff
3,MUMB002001,B,Udaykumar Shiroorkar,Assistant Municipal Commissioner (Ward Officer),,mum_wardoff
4,MUMC003001,C,Sangita Hasnale,Assistant Municipal Commissioner (Ward Officer),,mum_wardoff
5,MUMD004001,D,Sharad Ughade,Assistant Municipal Commissioner (Ward Officer),,mum_wardoff
6,MUME005001,E,Ajitkumar Ambi,Assistant Municipal Commissioner (Ward Officer),,mum_wardoff
7,MUMFN06001,F/North,Gajanan Bellale,Assistant Municipal Commissioner (Ward Officer),,mum_wardoff
8,MUMFS07001,F/South,Swapnaja Kshirsagar,Assistant Municipal Commissioner (Ward Officer),,mum_wardoff
9,MUMGN08001,G/North,Kiran Dighavkar,Assistant Municipal Commissioner (Ward Officer),,mum_wardoff
10,MUMGS09001,G/South,Alka Sasane,Assistant Municipal Commissioner (Ward Officer),,mum_wardoff
11,MUMHE10001,H/East,Ashok Khairnar,Assistant Municipal Commissioner (Ward Officer),,mum_wardoff
12,MUMHW11001,H/West,Vinayak Vispute,Assistant Municipal Commissioner (Ward Officer),,mum_wardoff
13,MUMKE12001,K/East,Manish Valanju,Assistant Municipal Commissioner (Ward Officer),,mum_wardoff
14,MUMKW13001,K/West,Prithviraj Chauhan,Assistant Municipal Commissioner (Ward Officer),,mum_wardoff
15,MUML014001,L,Dhanaji Herlekar,Assistant Municipal Commissioner (Ward Officer),,mum_wardoff
16,MUMME15001,M/East,Mahendra Ubale,Assistant Municipal Commissioner (Ward Officer),,mum_wardoff
17,MUMMW16001,M/West,Vishwas Mote,Assistant Municipal Commissioner (Ward Officer),,mum_wardoff
18,MUMN017001,N,Sanjay Sonawane,Assistant Municipal Commissioner (Ward Officer),,mum_wardoff
19,MUMPN18001,P/North,Makarand Dagadkhair,Assistant Municipal Commissioner (Ward Officer),,mum_wardoff
20,MUMPS19001,P/South,Sanjog Kabre,Assistant Municipal Commissioner (Ward Officer),,mum_wardoff
21,MUMRC20001,R/Central,Bhagyashree Kapse,Assistant Municipal Commissioner (Ward Officer),,mum_wardoff
22,MUMRN21001,R/North,Nitin Arte,Assistant Municipal Commissioner (Ward Officer),,mum_wardoff
23,MUMRS22001,R/South,Sandhya Nandedkar,Assistant Municipal Commissioner (Ward Officer),,mum_wardoff
24,MUMS023001,S,Sudhanshu Dwivedi,Assistant Municipal Commissioner (Ward Officer),,mum_wardoff
25,MUMT024001,T,Chakrapani Alle,Assistant Municipal Commissioner (Ward Officer),,mum_wardoff
26,MUMA001002,A,Makarand Narwekar,Municipal Corporator (Nagarsevak),,mum_nagarsevak
27,MUMB002002,B,Afreen Shaikh,Municipal Corporator (Nagarsevak),,mum_nagarsevak
28,MUMC003002,C,Hemangi Worlikar,Municipal Corporator (Nagarsevak),,mum_nagarsevak
29,MUMD004002,D,Geeta Gawli,Municipal Corporator (Nagarsevak),,mum_nagarsevak
30,MUME005002,E,Surekha Lokhande,Municipal Corporator (Nagarsevak),,mum_nagarsevak
31,MUMFN06002,F/North,Trushna Vishwasrao,Municipal Corporator (Nagarsevak),,mum_nagarsevak
32,MUMFS07002,F/South,Amey Ghole,Municipal Corporator (Nagarsevak),,mum_nagarsevak
33,MUMGN08002,G/North,Milind Vaidya,Municipal Corporator (Nagarsevak),,mum_nagarsevak
34,MUMGS09002,G/South,Kishori Pednekar,Municipal Corporator (Nagarsevak),,mum_nagarsevak
35,MUMHE10002,H/East,Sunil More,Municipal Corporator (Nagarsevak),,mum_nagarsevak
36,MUMHW11002,H/West,Asif Zakaria,Municipal Corporator (Nagarsevak),,mum_nagarsevak
37,MUMKE12002,K/East,Anant Nar,Municipal Corporator (Nagarsevak),,mum_nagarsevak
38,MUMKW13002,K/West,Harun Khan,Municipal Corporator (Nagarsevak),,mum_nagarsevak
39,MUML014002,L,Kaptan Malik,Municipal Corporator (Nagarsevak),,mum_nagarsevak
40,MUMME15002,M/East,Rais Shaikh,Municipal Corporator (Nagarsevak),,mum_nagarsevak
41,MUMMW16002,M/West,Supriya More,Municipal Corporator (Nagarsevak),,mum_nagarsevak
42,MUMN017002,N,Ritu Tawde,Municipal Corporator (Nagarsevak),,mum_nagarsevak
43,MUMPN18002,P/North,Deepak Thakur,Municipal Corporator (Nagarsevak),,mum_nagarsevak
44,MUMPS19002,P/South,Vinod Ghosalkar,Municipal Corporator (Nagarsevak),,mum_nagarsevak
45,MUMRC20002,R/Central,Yogesh Verma,Municipal Corporator (Nagarsevak),,mum_nagarsevak
46,MUMRN21002,R/North,Balkrishna Khopkar,Municipal Corporator (Nagarsevak),,mum_nagarsevak
47,MUMRS22002,R/South,Shekhar Chavan,Municipal Corporator (Nagarsevak),,mum_nagarsevak
48,MUMS023002,S,Ashok Patil,Municipal Corporator (Nagarsevak),,mum_nagarsevak
49,MUMT024002,T,Manoj Kotak,Municipal Corporator (Nagarsevak),,mum_nagarsevak
50,MUMA001003,A,Eknath Mhatre,Departmental Officer (Mechanical & Electrical),BMC Mechanical & Electrical Department,mum_dept
51,MUMA001004,A,Siddharth Shinde,Departmental Officer (Roads & Infrastructure),BMC Roads Department,mum_dept
52,MUMA001005,A,Manoj Kharat,Departmental Officer (Solid Waste Management),BMC Solid Waste Management Department,mum_dept
53,MUMA001006,A,Jayant Salvi,Departmental Officer (Storm Water Drains),BMC Storm Water Drains Department (SWD),mum_dept
54,MUMA001007,A,Chetan Suryavanshi,Departmental Officer (Water Works / Hydraulic),BMC Hydraulic Engineer's Department,mum_dept
55,MUMA001008,A,Shirish Parab,Departmental Officer (Gardens & Trees),BMC Gardens Department,mum_dept
56,MUMA001009,A,Sachin Kute,Departmental Officer (Sewerage Operations),BMC Sewerage Operations Department,mum_dept
57,MUMB002003,B,Satish Pardeshi,Departmental Officer (Mechanical & Electrical),BMC Mechanical & Electrical Department,mum_dept
58,MUMB002004,B,Tushar Jadhav,Departmental Officer (Roads & Infrastructure),BMC Roads Department,mum_dept
59,MUMB002005,B,Mangesh Gharat,Departmental Officer (Solid Waste Management),BMC Solid Waste Management Department,mum_dept
60,MUMB002006,B,Mahesh Pawar,Departmental Officer (Storm Water Drains),BMC Storm Water Drains Department (SWD),mum_dept
61,MUMB002007,B,Kishor Sutar,Departmental Officer (Water Works / Hydraulic),BMC Hydraulic Engineer's Department,mum_dept
62,MUMB002008,B,Devendra Gore,Departmental Officer (Gardens & Trees),BMC Gardens Department,mum_dept
63,MUMB002009,B,Umesh Vichare,Departmental Officer (Sewerage Operations),BMC Sewerage Operations Department,mum_dept
64,MUMC003003,C,Prakash Kulkarni,Departmental Officer (Mechanical & Electrical),BMC Mechanical & Electrical Department,mum_dept
65,MUMC003004,C,Ramesh Kokate,Departmental Officer (Roads & Infrastructure),BMC Roads Department,mum_dept
66,MUMC003005,C,Shrikant Mandlik,Departmental Officer (Solid Waste Management),BMC Solid Waste Management Department,mum_dept
67,MUMC003006,C,Tanaji Kadam,Departmental Officer (Storm Water Drains),BMC Storm Water Drains Department (SWD),mum_dept
68,MUMC003007,C,Bhupesh Khopkar,Departmental Officer (Water Works / Hydraulic),BMC Hydraulic Engineer's Department,mum_dept
69,MUMC003008,C,Pradeep Chavan,Departmental Officer (Gardens & Trees),BMC Gardens Department,mum_dept
70,MUMC003009,C,Pandurang Raut,Departmental Officer (Sewerage Operations),BMC Sewerage Operations Department,mum_dept
71,MUMD004003,D,Kailas Tambe,Departmental Officer (Mechanical & Electrical),BMC Mechanical & Electrical Department,mum_dept
72,MUMD004004,D,Girish Koli,Departmental Officer (Roads & Infrastructure),BMC Roads Department,mum_dept
73,MUMD004005,D,Nitin Mohite,Departmental Officer (Solid Waste Management),BMC Solid Waste Management Department,mum_dept
74,MUMD004006,D,Prashant Mane,Departmental Officer (Storm Water Drains),BMC Storm Water Drains Department (SWD),mum_dept
75,MUMD004007,D,Rohit Gokhale,Departmental Officer (Water Works / Hydraulic),BMC Hydraulic Engineer's Department,mum_dept
76,MUMD004008,D,Abhay Gharpure,Departmental Officer (Gardens & Trees),BMC Gardens Department,mum_dept
77,MUMD004009,D,Dilip Narvekar,Departmental Officer (Sewerage Operations),BMC Sewerage Operations Department,mum_dept
78,MUME005003,E,Subhash Gaikwad,Departmental Officer (Mechanical & Electrical),BMC Mechanical & Electrical Department,mum_dept
79,MUME005004,E,Pramod Thakur,Departmental Officer (Roads & Infrastructure),BMC Roads Department,mum_dept
80,MUME005005,E,Atul Kamble,Departmental Officer (Solid Waste Management),BMC Solid Waste Management Department,mum_dept
81,MUME005006,E,Suresh Gholap,Departmental Officer (Storm Water Drains),BMC Storm Water Drains Department (SWD),mum_dept
82,MUME005007,E,Ravindra Solanki,Departmental Officer (Water Works / Hydraulic),BMC Hydraulic Engineer's Department,mum_dept
83,MUME005008,E,Ajit Bandal,Departmental Officer (Gardens & Trees),BMC Gardens Department,mum_dept
84,MUME005009,E,Sambhaji Rane,Departmental Officer (Sewerage Operations),BMC Sewerage Operations Department,mum_dept
85,MUMFN06003,F/North,Jitendra Wani,Departmental Officer (Mechanical & Electrical),BMC Mechanical & Electrical Department,mum_dept
86,MUMFN06004,F/North,Hemant Vaidya,Departmental Officer (Roads & Infrastructure),BMC Roads Department,mum_dept
87,MUMFN06005,F/North,Gajanan Deshmukh,Departmental Officer (Solid Waste Management),BMC Solid Waste Management Department,mum_dept
88,MUMFN06006,F/North,Dnyaneshwar Bhoir,Departmental Officer (Storm Water Drains),BMC Storm Water Drains Department (SWD),mum_dept
89,MUMFN06007,F/North,Manohar Bhosle,Departmental Officer (Water Works / Hydraulic),BMC Hydraulic Engineer's Department,mum_dept
90,MUMFN06008,F/North,Vilas Sonawane,Departmental Officer (Gardens & Trees),BMC Gardens Department,mum_dept
91,MUMFN06009,F/North,Vinod Waghmare,Departmental Officer (Sewerage Operations),BMC Sewerage Operations Department,mum_dept
92,MUMFS07003,F/South,Sameer Thorat,Departmental Officer (Mechanical & Electrical),BMC Mechanical & Electrical Department,mum_dept
93,MUMFS07004,F/South,Rajendra Bhide,Departmental Officer (Roads & Infrastructure),BMC Roads Department,mum_dept
94,MUMFS07005,F/South,Deepak Bhalerao,Departmental Officer (Solid Waste Management),BMC Solid Waste Management Department,mum_dept
95,MUMFS07006,F/South,Ashok Malvankar,Departmental Officer (Storm Water Drains),BMC Storm Water Drains Department (SWD),mum_dept
96,MUMFS07007,F/South,Sudhakar Patil,Departmental Officer (Water Works / Hydraulic),BMC Hydraulic Engineer's Department,mum_dept
97,MUMFS07008,F/South,Yogesh Chaudhari,Departmental Officer (Gardens & Trees),BMC Gardens Department,mum_dept
98,MUMFS07009,F/South,Sunil Sawant,Departmental Officer (Sewerage Operations),BMC Sewerage Operations Department,mum_dept
99,MUMGN08003,G/North,Sudhir Londhe,Departmental Officer (Mechanical & Electrical),BMC Mechanical & Electrical Department,mum_dept
100,MUMGN08004,G/North,Santosh Pednekar,Departmental Officer (Roads & Infrastructure),BMC Roads Department,mum_dept
101,MUMGN08005,G/North,Bhagwan Dhumal,Departmental Officer (Solid Waste Management),BMC Solid Waste Management Department,mum_dept
102,MUMGN08006,G/North,Vivek Tawde,Departmental Officer (Storm Water Drains),BMC Storm Water Drains Department (SWD),mum_dept
103,MUMGN08007,G/North,Arun Jagdale,Departmental Officer (Water Works / Hydraulic),BMC Hydraulic Engineer's Department,mum_dept
104,MUMGN08008,G/North,Dattatray Shirodkar,Departmental Officer (Gardens & Trees),BMC Gardens Department,mum_dept
105,MUMGN08009,G/North,Baban More,Departmental Officer (Sewerage Operations),BMC Sewerage Operations Department,mum_dept
106,MUMGS09003,G/South,Bhalchandra Mhatre,Departmental Officer (Mechanical & Electrical),BMC Mechanical & Electrical Department,mum_dept
107,MUMGS09004,G/South,Vijay Shinde,Departmental Officer (Roads & Infrastructure),BMC Roads Department,mum_dept
108,MUMGS09005,G/South,Chandrashekhar Kharat,Departmental Officer (Solid Waste Management),BMC Solid Waste Management Department,mum_dept
109,MUMGS09006,G/South,Amol Salvi,Departmental Officer (Storm Water Drains),BMC Storm Water Drains Department (SWD),mum_dept
110,MUMGS09007,G/South,Kiran Suryavanshi,Departmental Officer (Water Works / Hydraulic),BMC Hydraulic Engineer's Department,mum_dept
111,MUMGS09008,G/South,Ganesh Parab,Departmental Officer (Gardens & Trees),BMC Gardens Department,mum_dept
112,MUMGS09009,G/South,Milind Kute,Departmental Officer (Sewerage Operations),BMC Sewerage Operations Department,mum_dept
113,MUMHE10003,H/East,Vasant Pardeshi,Departmental Officer (Mechanical & Electrical),BMC Mechanical & Electrical Department,mum_dept
114,MUMHE10004,H/East,Swapnil Jadhav,Departmental Officer (Roads & Infrastructure),BMC Roads Department,mum_dept
115,MUMHE10005,H/East,Anil Gharat,Departmental Officer (Solid Waste Management),BMC Solid Waste Management Department,mum_dept
116,MUMHE10006,H/East,Sandip Pawar,Departmental Officer (Storm Water Drains),BMC Storm Water Drains Department (SWD),mum_dept
117,MUMHE10007,H/East,Avinash Sutar,Departmental Officer (Water Works / Hydraulic),BMC Hydraulic Engineer's Department,mum_dept
118,MUMHE10008,H/East,Kishore Gore,Departmental Officer (Gardens & Trees),BMC Gardens Department,mum_dept
119,MUMHE10009,H/East,Rajesh Vichare,Departmental Officer (Sewerage Operations),BMC Sewerage Operations Department,mum_dept
120,MUMHW11003,H/West,Sanjay Kulkarni,Departmental Officer (Mechanical & Electrical),BMC Mechanical & Electrical Department,mum_dept
121,MUMHW11004,H/West,Shashikant Kokate,Departmental Officer (Roads & Infrastructure),BMC Roads Department,mum_dept
122,MUMHW11005,H/West,Eknath Mandlik,Departmental Officer (Solid Waste Management),BMC Solid Waste Management Department,mum_dept
123,MUMHW11006,H/West,Siddharth Kadam,Departmental Officer (Storm Water Drains),BMC Storm Water Drains Department (SWD),mum_dept
124,MUMHW11007,H/West,Manoj Khopkar,Departmental Officer (Water Works / Hydraulic),BMC Hydraulic Engineer's Department,mum_dept
125,MUMHW11008,H/West,Jayant Chavan,Departmental Officer (Gardens & Trees),BMC Gardens Department,mum_dept
126,MUMHW11009,H/West,Chetan Raut,Departmental Officer (Sewerage Operations),BMC Sewerage Operations Department,mum_dept
127,MUMKE12003,K/East,Shirish Tambe,Departmental Officer (Mechanical & Electrical),BMC Mechanical & Electrical Department,mum_dept
128,MUMKE12004,K/East,Sachin Koli,Departmental Officer (Roads & Infrastructure),BMC Roads Department,mum_dept
129,MUMKE12005,K/East,Satish Mohite,Departmental Officer (Solid Waste Management),BMC Solid Waste Management Department,mum_dept
130,MUMKE12006,K/East,Tushar Mane,Departmental Officer (Storm Water Drains),BMC Storm Water Drains Department (SWD),mum_dept
131,MUMKE12007,K/East,Mangesh Gokhale,Departmental Officer (Water Works / Hydraulic),BMC Hydraulic Engineer's Department,mum_dept
132,MUMKE12008,K/East,Mahesh Gharpure,Departmental Officer (Gardens & Trees),BMC Gardens Department,mum_dept
133,MUMKE12009,K/East,Kishor Narvekar,Departmental Officer (Sewerage Operations),BMC Sewerage Operations Department,mum_dept
134,MUMKW13003,K/West,Devendra Gaikwad,Departmental Officer (Mechanical & Electrical),BMC Mechanical & Electrical Department,mum_dept
135,MUMKW13004,K/West,Umesh Thakur,Departmental Officer (Roads & Infrastructure),BMC Roads Department,mum_dept
136,MUMKW13005,K/West,Prakash Kamble,Departmental Officer (Solid Waste Management),BMC Solid Waste Management Department,mum_dept
137,MUMKW13006,K/West,Ramesh Gholap,Departmental Officer (Storm Water Drains),BMC Storm Water Drains Department (SWD),mum_dept
138,MUMKW13007,K/West,Shrikant Solanki,Departmental Officer (Water Works / Hydraulic),BMC Hydraulic Engineer's Department,mum_dept
139,MUMKW13008,K/West,Tanaji Bandal,Departmental Officer (Gardens & Trees),BMC Gardens Department,mum_dept
140,MUMKW13009,K/West,Bhupesh Rane,Departmental Officer (Sewerage Operations),BMC Sewerage Operations Department,mum_dept
141,MUML014003,L,Pradeep Wani,Departmental Officer (Mechanical & Electrical),BMC Mechanical & Electrical Department,mum_dept
142,MUML014004,L,Pandurang Vaidya,Departmental Officer (Roads & Infrastructure),BMC Roads Department,mum_dept
143,MUML014005,L,Kailas Deshmukh,Departmental Officer (Solid Waste Management),BMC Solid Waste Management Department,mum_dept
144,MUML014006,L,Girish Bhoir,Departmental Officer (Storm Water Drains),BMC Storm Water Drains Department (SWD),mum_dept
145,MUML014007,L,Nitin Bhosle,Departmental Officer (Water Works / Hydraulic),BMC Hydraulic Engineer's Department,mum_dept
146,MUML014008,L,Prashant Sonawane,Departmental Officer (Gardens & Trees),BMC Gardens Department,mum_dept
147,MUML014009,L,Rohit Waghmare,Departmental Officer (Sewerage Operations),BMC Sewerage Operations Department,mum_dept
148,MUMME15003,M/East,Abhay Thorat,Departmental Officer (Mechanical & Electrical),BMC Mechanical & Electrical Department,mum_dept
149,MUMME15004,M/East,Dilip Bhide,Departmental Officer (Roads & Infrastructure),BMC Roads Department,mum_dept
150,MUMME15005,M/East,Subhash Bhalerao,Departmental Officer (Solid Waste Management),BMC Solid Waste Management Department,mum_dept
151,MUMME15006,M/East,Pramod Malvankar,Departmental Officer (Storm Water Drains),BMC Storm Water Drains Department (SWD),mum_dept
152,MUMME15007,M/East,Atul Patil,Departmental Officer (Water Works / Hydraulic),BMC Hydraulic Engineer's Department,mum_dept
153,MUMME15008,M/East,Suresh Chaudhari,Departmental Officer (Gardens & Trees),BMC Gardens Department,mum_dept
154,MUMME15009,M/East,Ravindra Sawant,Departmental Officer (Sewerage Operations),BMC Sewerage Operations Department,mum_dept
155,MUMMW16003,M/West,Ajit Londhe,Departmental Officer (Mechanical & Electrical),BMC Mechanical & Electrical Department,mum_dept
156,MUMMW16004,M/West,Sambhaji Pednekar,Departmental Officer (Roads & Infrastructure),BMC Roads Department,mum_dept
157,MUMMW16005,M/West,Jitendra Dhumal,Departmental Officer (Solid Waste Management),BMC Solid Waste Management Department,mum_dept
158,MUMMW16006,M/West,Hemant Tawde,Departmental Officer (Storm Water Drains),BMC Storm Water Drains Department (SWD),mum_dept
159,MUMMW16007,M/West,Gajanan Jagdale,Departmental Officer (Water Works / Hydraulic),BMC Hydraulic Engineer's Department,mum_dept
160,MUMMW16008,M/West,Dnyaneshwar Shirodkar,Departmental Officer (Gardens & Trees),BMC Gardens Department,mum_dept
161,MUMMW16009,M/West,Manohar More,Departmental Officer (Sewerage Operations),BMC Sewerage Operations Department,mum_dept
162,MUMN017003,N,Vilas Mhatre,Departmental Officer (Mechanical & Electrical),BMC Mechanical & Electrical Department,mum_dept
163,MUMN017004,N,Vinod Shinde,Departmental Officer (Roads & Infrastructure),BMC Roads Department,mum_dept
164,MUMN017005,N,Sameer Kharat,Departmental Officer (Solid Waste Management),BMC Solid Waste Management Department,mum_dept
165,MUMN017006,N,Rajendra Salvi,Departmental Officer (Storm Water Drains),BMC Storm Water Drains Department (SWD),mum_dept
166,MUMN017007,N,Deepak Suryavanshi,Departmental Officer (Water Works / Hydraulic),BMC Hydraulic Engineer's Department,mum_dept
167,MUMN017008,N,Ashok Parab,Departmental Officer (Gardens & Trees),BMC Gardens Department,mum_dept
168,MUMN017009,N,Sudhakar Kute,Departmental Officer (Sewerage Operations),BMC Sewerage Operations Department,mum_dept
169,MUMPN18003,P/North,Yogesh Pardeshi,Departmental Officer (Mechanical & Electrical),BMC Mechanical & Electrical Department,mum_dept
170,MUMPN18004,P/North,Sunil Jadhav,Departmental Officer (Roads & Infrastructure),BMC Roads Department,mum_dept
171,MUMPN18005,P/North,Sudhir Gharat,Departmental Officer (Solid Waste Management),BMC Solid Waste Management Department,mum_dept
172,MUMPN18006,P/North,Santosh Pawar,Departmental Officer (Storm Water Drains),BMC Storm Water Drains Department (SWD),mum_dept
173,MUMPN18007,P/North,Bhagwan Sutar,Departmental Officer (Water Works / Hydraulic),BMC Hydraulic Engineer's Department,mum_dept
174,MUMPN18008,P/North,Vivek Gore,Departmental Officer (Gardens & Trees),BMC Gardens Department,mum_dept
175,MUMPN18009,P/North,Arun Vichare,Departmental Officer (Sewerage Operations),BMC Sewerage Operations Department,mum_dept
176,MUMPS19003,P/South,Dattatray Kulkarni,Departmental Officer (Mechanical & Electrical),BMC Mechanical & Electrical Department,mum_dept
177,MUMPS19004,P/South,Baban Kokate,Departmental Officer (Roads & Infrastructure),BMC Roads Department,mum_dept
178,MUMPS19005,P/South,Bhalchandra Mandlik,Departmental Officer (Solid Waste Management),BMC Solid Waste Management Department,mum_dept
179,MUMPS19006,P/South,Vijay Kadam,Departmental Officer (Storm Water Drains),BMC Storm Water Drains Department (SWD),mum_dept
180,MUMPS19007,P/South,Chandrashekhar Khopkar,Departmental Officer (Water Works / Hydraulic),BMC Hydraulic Engineer's Department,mum_dept
181,MUMPS19008,P/South,Amol Chavan,Departmental Officer (Gardens & Trees),BMC Gardens Department,mum_dept
182,MUMPS19009,P/South,Kiran Raut,Departmental Officer (Sewerage Operations),BMC Sewerage Operations Department,mum_dept
183,MUMRC20003,R/Central,Ganesh Tambe,Departmental Officer (Mechanical & Electrical),BMC Mechanical & Electrical Department,mum_dept
184,MUMRC20004,R/Central,Milind Koli,Departmental Officer (Roads & Infrastructure),BMC Roads Department,mum_dept
185,MUMRC20005,R/Central,Vasant Mohite,Departmental Officer (Solid Waste Management),BMC Solid Waste Management Department,mum_dept
186,MUMRC20006,R/Central,Swapnil Mane,Departmental Officer (Storm Water Drains),BMC Storm Water Drains Department (SWD),mum_dept
187,MUMRC20007,R/Central,Anil Gokhale,Departmental Officer (Water Works / Hydraulic),BMC Hydraulic Engineer's Department,mum_dept
188,MUMRC20008,R/Central,Sandip Gharpure,Departmental Officer (Gardens & Trees),BMC Gardens Department,mum_dept
189,MUMRC20009,R/Central,Avinash Narvekar,Departmental Officer (Sewerage Operations),BMC Sewerage Operations Department,mum_dept
190,MUMRN21003,R/North,Kishore Gaikwad,Departmental Officer (Mechanical & Electrical),BMC Mechanical & Electrical Department,mum_dept
191,MUMRN21004,R/North,Rajesh Thakur,Departmental Officer (Roads & Infrastructure),BMC Roads Department,mum_dept
192,MUMRN21005,R/North,Sanjay Kamble,Departmental Officer (Solid Waste Management),BMC Solid Waste Management Department,mum_dept
193,MUMRN21006,R/North,Shashikant Gholap,Departmental Officer (Storm Water Drains),BMC Storm Water Drains Department (SWD),mum_dept
194,MUMRN21007,R/North,Eknath Solanki,Departmental Officer (Water Works / Hydraulic),BMC Hydraulic Engineer's Department,mum_dept
195,MUMRN21008,R/North,Siddharth Bandal,Departmental Officer (Gardens & Trees),BMC Gardens Department,mum_dept
196,MUMRN21009,R/North,Manoj Rane,Departmental Officer (Sewerage Operations),BMC Sewerage Operations Department,mum_dept
197,MUMRS22003,R/South,Jayant Wani,Departmental Officer (Mechanical & Electrical),BMC Mechanical & Electrical Department,mum_dept
198,MUMRS22004,R/South,Chetan Vaidya,Departmental Officer (Roads & Infrastructure),BMC Roads Department,mum_dept
199,MUMRS22005,R/South,Shirish Deshmukh,Departmental Officer (Solid Waste Management),BMC Solid Waste Management Department,mum_dept
200,MUMRS22006,R/South,Sachin Bhoir,Departmental Officer (Storm Water Drains),BMC Storm Water Drains Department (SWD),mum_dept
201,MUMRS22007,R/South,Satish Bhosle,Departmental Officer (Water Works / Hydraulic),BMC Hydraulic Engineer's Department,mum_dept
202,MUMRS22008,R/South,Tushar Sonawane,Departmental Officer (Gardens & Trees),BMC Gardens Department,mum_dept
203,MUMRS22009,R/South,Mangesh Waghmare,Departmental Officer (Sewerage Operations),BMC Sewerage Operations Department,mum_dept
204,MUMS023003,S,Mahesh Thorat,Departmental Officer (Mechanical & Electrical),BMC Mechanical & Electrical Department,mum_dept
205,MUMS023004,S,Kishor Bhide,Departmental Officer (Roads & Infrastructure),BMC Roads Department,mum_dept
206,MUMS023005,S,Devendra Bhalerao,Departmental Officer (Solid Waste Management),BMC Solid Waste Management Department,mum_dept
207,MUMS023006,S,Umesh Malvankar,Departmental Officer (Storm Water Drains),BMC Storm Water Drains Department (SWD),mum_dept
208,MUMS023007,S,Prakash Patil,Departmental Officer (Water Works / Hydraulic),BMC Hydraulic Engineer's Department,mum_dept
209,MUMS023008,S,Ramesh Chaudhari,Departmental Officer (Gardens & Trees),BMC Gardens Department,mum_dept
210,MUMS023009,S,Shrikant Sawant,Departmental Officer (Sewerage Operations),BMC Sewerage Operations Department,mum_dept
211,MUMT024003,T,Tanaji Londhe,Departmental Officer (Mechanical & Electrical),BMC Mechanical & Electrical Department,mum_dept
212,MUMT024004,T,Bhupesh Pednekar,Departmental Officer (Roads & Infrastructure),BMC Roads Department,mum_dept
213,MUMT024005,T,Pradeep Dhumal,Departmental Officer (Solid Waste Management),BMC Solid Waste Management Department,mum_dept
214,MUMT024006,T,Pandurang Tawde,Departmental Officer (Storm Water Drains),BMC Storm Water Drains Department (SWD),mum_dept
215,MUMT024007,T,Kailas Jagdale,Departmental Officer (Water Works / Hydraulic),BMC Hydraulic Engineer's Department,mum_dept
216,MUMT024008,T,Girish Shirodkar,Departmental Officer (Gardens & Trees),BMC Gardens Department,mum_dept
217,MUMT024009,T,Nitin More,Departmental Officer (Sewerage Operations),BMC Sewerage Operations Department,mum_dept
218,MUMA001010,A,Er. Hemant Suryavanshi,Field Engineer (Mechanical & Electrical),BMC Mechanical & Electrical Department,mum_engg
219,MUMA001011,A,Er. Gajanan Parab,Field Engineer (Mechanical & Electrical),BMC Mechanical & Electrical Department,mum_engg
220,MUMA001012,A,Er. Dnyaneshwar Kute,Field Engineer (Mechanical & Electrical),BMC Mechanical & Electrical Department,mum_engg
221,MUMA001013,A,Er. Manohar Pardeshi,Field Engineer (Mechanical & Electrical),BMC Mechanical & Electrical Department,mum_engg
222,MUMA001014,A,Er. Vilas Jadhav,Field Engineer (Mechanical & Electrical),BMC Mechanical & Electrical Department,mum_engg
223,MUMA001015,A,Er. Vinod Gharat,Field Engineer (Roads & Pavements),BMC Roads Department,mum_engg
224,MUMA001016,A,Er. Sameer Pawar,Field Engineer (Roads & Pavements),BMC Roads Department,mum_engg
225,MUMA001017,A,Er. Rajendra Sutar,Field Engineer (Roads & Pavements),BMC Roads Department,mum_engg
226,MUMA001018,A,Er. Deepak Gore,Field Engineer (Roads & Pavements),BMC Roads Department,mum_engg
227,MUMA001019,A,Er. Ashok Vichare,Field Engineer (Roads & Pavements),BMC Roads Department,mum_engg
228,MUMA001020,A,Er. Sudhakar Kulkarni,Field Engineer (Solid Waste Operations),BMC Solid Waste Management Department,mum_engg
229,MUMA001021,A,Er. Yogesh Kokate,Field Engineer (Solid Waste Operations),BMC Solid Waste Management Department,mum_engg
230,MUMA001022,A,Er. Sunil Mandlik,Field Engineer (Solid Waste Operations),BMC Solid Waste Management Department,mum_engg
231,MUMA001023,A,Er. Sudhir Kadam,Field Engineer (Solid Waste Operations),BMC Solid Waste Management Department,mum_engg
232,MUMA001024,A,Er. Santosh Khopkar,Field Engineer (Solid Waste Operations),BMC Solid Waste Management Department,mum_engg
233,MUMA001025,A,Er. Bhagwan Chavan,Field Engineer (Storm Water Drains),BMC Storm Water Drains Department (SWD),mum_engg
234,MUMA001026,A,Er. Vivek Raut,Field Engineer (Storm Water Drains),BMC Storm Water Drains Department (SWD),mum_engg
235,MUMA001027,A,Er. Arun Tambe,Field Engineer (Storm Water Drains),BMC Storm Water Drains Department (SWD),mum_engg
236,MUMA001028,A,Er. Dattatray Koli,Field Engineer (Storm Water Drains),BMC Storm Water Drains Department (SWD),mum_engg
237,MUMA001029,A,Er. Baban Mohite,Field Engineer (Storm Water Drains),BMC Storm Water Drains Department (SWD),mum_engg
238,MUMA001030,A,Er. Bhalchandra Mane,Field Engineer (Hydraulic / Water Supply),BMC Hydraulic Engineer's Department,mum_engg
239,MUMA001031,A,Er. Vijay Gokhale,Field Engineer (Hydraulic / Water Supply),BMC Hydraulic Engineer's Department,mum_engg
240,MUMA001032,A,Er. Chandrashekhar Gharpure,Field Engineer (Hydraulic / Water Supply),BMC Hydraulic Engineer's Department,mum_engg
241,MUMA001033,A,Er. Amol Narvekar,Field Engineer (Hydraulic / Water Supply),BMC Hydraulic Engineer's Department,mum_engg
242,MUMA001034,A,Er. Kiran Gaikwad,Field Engineer (Hydraulic / Water Supply),BMC Hydraulic Engineer's Department,mum_engg
243,MUMA001035,A,Er. Ganesh Thakur,Field Engineer (Gardens & Horticulture),BMC Gardens Department,mum_engg
244,MUMA001036,A,Er. Milind Kamble,Field Engineer (Gardens & Horticulture),BMC Gardens Department,mum_engg
245,MUMA001037,A,Er. Vasant Gholap,Field Engineer (Gardens & Horticulture),BMC Gardens Department,mum_engg
246,MUMA001038,A,Er. Swapnil Solanki,Field Engineer (Gardens & Horticulture),BMC Gardens Department,mum_engg
247,MUMA001039,A,Er. Anil Bandal,Field Engineer (Gardens & Horticulture),BMC Gardens Department,mum_engg
248,MUMA001040,A,Er. Sandip Rane,Field Engineer (Sewerage Networks),BMC Sewerage Operations Department,mum_engg
249,MUMA001041,A,Er. Avinash Wani,Field Engineer (Sewerage Networks),BMC Sewerage Operations Department,mum_engg
250,MUMA001042,A,Er. Kishore Vaidya,Field Engineer (Sewerage Networks),BMC Sewerage Operations Department,mum_engg
251,MUMA001043,A,Er. Rajesh Deshmukh,Field Engineer (Sewerage Networks),BMC Sewerage Operations Department,mum_engg
252,MUMA001044,A,Er. Sanjay Bhoir,Field Engineer (Sewerage Networks),BMC Sewerage Operations Department,mum_engg
253,MUMB002010,B,Er. Shashikant Bhosle,Field Engineer (Mechanical & Electrical),BMC Mechanical & Electrical Department,mum_engg
254,MUMB002011,B,Er. Eknath Sonawane,Field Engineer (Mechanical & Electrical),BMC Mechanical & Electrical Department,mum_engg
255,MUMB002012,B,Er. Siddharth Waghmare,Field Engineer (Mechanical & Electrical),BMC Mechanical & Electrical Department,mum_engg
256,MUMB002013,B,Er. Manoj Thorat,Field Engineer (Mechanical & Electrical),BMC Mechanical & Electrical Department,mum_engg
257,MUMB002014,B,Er. Jayant Bhide,Field Engineer (Mechanical & Electrical),BMC Mechanical & Electrical Department,mum_engg
258,MUMB002015,B,Er. Chetan Bhalerao,Field Engineer (Roads & Pavements),BMC Roads Department,mum_engg
259,MUMB002016,B,Er. Shirish Malvankar,Field Engineer (Roads & Pavements),BMC Roads Department,mum_engg
260,MUMB002017,B,Er. Sachin Patil,Field Engineer (Roads & Pavements),BMC Roads Department,mum_engg
261,MUMB002018,B,Er. Satish Chaudhari,Field Engineer (Roads & Pavements),BMC Roads Department,mum_engg
262,MUMB002019,B,Er. Tushar Sawant,Field Engineer (Roads & Pavements),BMC Roads Department,mum_engg
263,MUMB002020,B,Er. Mangesh Londhe,Field Engineer (Solid Waste Operations),BMC Solid Waste Management Department,mum_engg
264,MUMB002021,B,Er. Mahesh Pednekar,Field Engineer (Solid Waste Operations),BMC Solid Waste Management Department,mum_engg
265,MUMB002022,B,Er. Kishor Dhumal,Field Engineer (Solid Waste Operations),BMC Solid Waste Management Department,mum_engg
266,MUMB002023,B,Er. Devendra Tawde,Field Engineer (Solid Waste Operations),BMC Solid Waste Management Department,mum_engg
267,MUMB002024,B,Er. Umesh Jagdale,Field Engineer (Solid Waste Operations),BMC Solid Waste Management Department,mum_engg
268,MUMB002025,B,Er. Prakash Shirodkar,Field Engineer (Storm Water Drains),BMC Storm Water Drains Department (SWD),mum_engg
269,MUMB002026,B,Er. Ramesh More,Field Engineer (Storm Water Drains),BMC Storm Water Drains Department (SWD),mum_engg
270,MUMB002027,B,Er. Shrikant Mhatre,Field Engineer (Storm Water Drains),BMC Storm Water Drains Department (SWD),mum_engg
271,MUMB002028,B,Er. Tanaji Shinde,Field Engineer (Storm Water Drains),BMC Storm Water Drains Department (SWD),mum_engg
272,MUMB002029,B,Er. Bhupesh Kharat,Field Engineer (Storm Water Drains),BMC Storm Water Drains Department (SWD),mum_engg
273,MUMB002030,B,Er. Pradeep Salvi,Field Engineer (Hydraulic / Water Supply),BMC Hydraulic Engineer's Department,mum_engg
274,MUMB002031,B,Er. Pandurang Suryavanshi,Field Engineer (Hydraulic / Water Supply),BMC Hydraulic Engineer's Department,mum_engg
275,MUMB002032,B,Er. Kailas Parab,Field Engineer (Hydraulic / Water Supply),BMC Hydraulic Engineer's Department,mum_engg
276,MUMB002033,B,Er. Girish Kute,Field Engineer (Hydraulic / Water Supply),BMC Hydraulic Engineer's Department,mum_engg
277,MUMB002034,B,Er. Nitin Pardeshi,Field Engineer (Hydraulic / Water Supply),BMC Hydraulic Engineer's Department,mum_engg
278,MUMB002035,B,Er. Prashant Jadhav,Field Engineer (Gardens & Horticulture),BMC Gardens Department,mum_engg
279,MUMB002036,B,Er. Rohit Gharat,Field Engineer (Gardens & Horticulture),BMC Gardens Department,mum_engg
280,MUMB002037,B,Er. Abhay Pawar,Field Engineer (Gardens & Horticulture),BMC Gardens Department,mum_engg
281,MUMB002038,B,Er. Dilip Sutar,Field Engineer (Gardens & Horticulture),BMC Gardens Department,mum_engg
282,MUMB002039,B,Er. Subhash Gore,Field Engineer (Gardens & Horticulture),BMC Gardens Department,mum_engg
283,MUMB002040,B,Er. Pramod Vichare,Field Engineer (Sewerage Networks),BMC Sewerage Operations Department,mum_engg
284,MUMB002041,B,Er. Atul Kulkarni,Field Engineer (Sewerage Networks),BMC Sewerage Operations Department,mum_engg
285,MUMB002042,B,Er. Suresh Kokate,Field Engineer (Sewerage Networks),BMC Sewerage Operations Department,mum_engg
286,MUMB002043,B,Er. Ravindra Mandlik,Field Engineer (Sewerage Networks),BMC Sewerage Operations Department,mum_engg
287,MUMB002044,B,Er. Ajit Kadam,Field Engineer (Sewerage Networks),BMC Sewerage Operations Department,mum_engg
288,MUMC003010,C,Er. Sambhaji Khopkar,Field Engineer (Mechanical & Electrical),BMC Mechanical & Electrical Department,mum_engg
289,MUMC003011,C,Er. Jitendra Chavan,Field Engineer (Mechanical & Electrical),BMC Mechanical & Electrical Department,mum_engg
290,MUMC003012,C,Er. Hemant Raut,Field Engineer (Mechanical & Electrical),BMC Mechanical & Electrical Department,mum_engg
291,MUMC003013,C,Er. Gajanan Tambe,Field Engineer (Mechanical & Electrical),BMC Mechanical & Electrical Department,mum_engg
292,MUMC003014,C,Er. Dnyaneshwar Koli,Field Engineer (Mechanical & Electrical),BMC Mechanical & Electrical Department,mum_engg
293,MUMC003015,C,Er. Manohar Mohite,Field Engineer (Roads & Pavements),BMC Roads Department,mum_engg
294,MUMC003016,C,Er. Vilas Mane,Field Engineer (Roads & Pavements),BMC Roads Department,mum_engg
295,MUMC003017,C,Er. Vinod Gokhale,Field Engineer (Roads & Pavements),BMC Roads Department,mum_engg
296,MUMC003018,C,Er. Sameer Gharpure,Field Engineer (Roads & Pavements),BMC Roads Department,mum_engg
297,MUMC003019,C,Er. Rajendra Narvekar,Field Engineer (Roads & Pavements),BMC Roads Department,mum_engg
298,MUMC003020,C,Er. Deepak Gaikwad,Field Engineer (Solid Waste Operations),BMC Solid Waste Management Department,mum_engg
299,MUMC003021,C,Er. Ashok Thakur,Field Engineer (Solid Waste Operations),BMC Solid Waste Management Department,mum_engg
300,MUMC003022,C,Er. Sudhakar Kamble,Field Engineer (Solid Waste Operations),BMC Solid Waste Management Department,mum_engg
301,MUMC003023,C,Er. Yogesh Gholap,Field Engineer (Solid Waste Operations),BMC Solid Waste Management Department,mum_engg
302,MUMC003024,C,Er. Sunil Solanki,Field Engineer (Solid Waste Operations),BMC Solid Waste Management Department,mum_engg
303,MUMC003025,C,Er. Sudhir Bandal,Field Engineer (Storm Water Drains),BMC Storm Water Drains Department (SWD),mum_engg
304,MUMC003026,C,Er. Santosh Rane,Field Engineer (Storm Water Drains),BMC Storm Water Drains Department (SWD),mum_engg
305,MUMC003027,C,Er. Bhagwan Wani,Field Engineer (Storm Water Drains),BMC Storm Water Drains Department (SWD),mum_engg
306,MUMC003028,C,Er. Vivek Vaidya,Field Engineer (Storm Water Drains),BMC Storm Water Drains Department (SWD),mum_engg
307,MUMC003029,C,Er. Arun Deshmukh,Field Engineer (Storm Water Drains),BMC Storm Water Drains Department (SWD),mum_engg
308,MUMC003030,C,Er. Dattatray Bhoir,Field Engineer (Hydraulic / Water Supply),BMC Hydraulic Engineer's Department,mum_engg
309,MUMC003031,C,Er. Baban Bhosle,Field Engineer (Hydraulic / Water Supply),BMC Hydraulic Engineer's Department,mum_engg
310,MUMC003032,C,Er. Bhalchandra Sonawane,Field Engineer (Hydraulic / Water Supply),BMC Hydraulic Engineer's Department,mum_engg
311,MUMC003033,C,Er. Vijay Waghmare,Field Engineer (Hydraulic / Water Supply),BMC Hydraulic Engineer's Department,mum_engg
312,MUMC003034,C,Er. Chandrashekhar Thorat,Field Engineer (Hydraulic / Water Supply),BMC Hydraulic Engineer's Department,mum_engg
313,MUMC003035,C,Er. Amol Bhide,Field Engineer (Gardens & Horticulture),BMC Gardens Department,mum_engg
314,MUMC003036,C,Er. Kiran Bhalerao,Field Engineer (Gardens & Horticulture),BMC Gardens Department,mum_engg
315,MUMC003037,C,Er. Ganesh Malvankar,Field Engineer (Gardens & Horticulture),BMC Gardens Department,mum_engg
316,MUMC003038,C,Er. Milind Patil,Field Engineer (Gardens & Horticulture),BMC Gardens Department,mum_engg
317,MUMC003039,C,Er. Vasant Chaudhari,Field Engineer (Gardens & Horticulture),BMC Gardens Department,mum_engg
318,MUMC003040,C,Er. Swapnil Sawant,Field Engineer (Sewerage Networks),BMC Sewerage Operations Department,mum_engg
319,MUMC003041,C,Er. Anil Londhe,Field Engineer (Sewerage Networks),BMC Sewerage Operations Department,mum_engg
320,MUMC003042,C,Er. Sandip Pednekar,Field Engineer (Sewerage Networks),BMC Sewerage Operations Department,mum_engg
321,MUMC003043,C,Er. Avinash Dhumal,Field Engineer (Sewerage Networks),BMC Sewerage Operations Department,mum_engg
322,MUMC003044,C,Er. Kishore Tawde,Field Engineer (Sewerage Networks),BMC Sewerage Operations Department,mum_engg
323,MUMD004010,D,Er. Rajesh Jagdale,Field Engineer (Mechanical & Electrical),BMC Mechanical & Electrical Department,mum_engg
324,MUMD004011,D,Er. Sanjay Shirodkar,Field Engineer (Mechanical & Electrical),BMC Mechanical & Electrical Department,mum_engg
325,MUMD004012,D,Er. Shashikant More,Field Engineer (Mechanical & Electrical),BMC Mechanical & Electrical Department,mum_engg
326,MUMD004013,D,Er. Eknath Mhatre,Field Engineer (Mechanical & Electrical),BMC Mechanical & Electrical Department,mum_engg
327,MUMD004014,D,Er. Siddharth Shinde,Field Engineer (Mechanical & Electrical),BMC Mechanical & Electrical Department,mum_engg
328,MUMD004015,D,Er. Manoj Kharat,Field Engineer (Roads & Pavements),BMC Roads Department,mum_engg
329,MUMD004016,D,Er. Jayant Salvi,Field Engineer (Roads & Pavements),BMC Roads Department,mum_engg
330,MUMD004017,D,Er. Chetan Suryavanshi,Field Engineer (Roads & Pavements),BMC Roads Department,mum_engg
331,MUMD004018,D,Er. Shirish Parab,Field Engineer (Roads & Pavements),BMC Roads Department,mum_engg
332,MUMD004019,D,Er. Sachin Kute,Field Engineer (Roads & Pavements),BMC Roads Department,mum_engg
333,MUMD004020,D,Er. Satish Pardeshi,Field Engineer (Solid Waste Operations),BMC Solid Waste Management Department,mum_engg
334,MUMD004021,D,Er. Tushar Jadhav,Field Engineer (Solid Waste Operations),BMC Solid Waste Management Department,mum_engg
335,MUMD004022,D,Er. Mangesh Gharat,Field Engineer (Solid Waste Operations),BMC Solid Waste Management Department,mum_engg
336,MUMD004023,D,Er. Mahesh Pawar,Field Engineer (Solid Waste Operations),BMC Solid Waste Management Department,mum_engg
337,MUMD004024,D,Er. Kishor Sutar,Field Engineer (Solid Waste Operations),BMC Solid Waste Management Department,mum_engg
338,MUMD004025,D,Er. Devendra Gore,Field Engineer (Storm Water Drains),BMC Storm Water Drains Department (SWD),mum_engg
339,MUMD004026,D,Er. Umesh Vichare,Field Engineer (Storm Water Drains),BMC Storm Water Drains Department (SWD),mum_engg
340,MUMD004027,D,Er. Prakash Kulkarni,Field Engineer (Storm Water Drains),BMC Storm Water Drains Department (SWD),mum_engg
341,MUMD004028,D,Er. Ramesh Kokate,Field Engineer (Storm Water Drains),BMC Storm Water Drains Department (SWD),mum_engg
342,MUMD004029,D,Er. Shrikant Mandlik,Field Engineer (Storm Water Drains),BMC Storm Water Drains Department (SWD),mum_engg
343,MUMD004030,D,Er. Tanaji Kadam,Field Engineer (Hydraulic / Water Supply),BMC Hydraulic Engineer's Department,mum_engg
344,MUMD004031,D,Er. Bhupesh Khopkar,Field Engineer (Hydraulic / Water Supply),BMC Hydraulic Engineer's Department,mum_engg
345,MUMD004032,D,Er. Pradeep Chavan,Field Engineer (Hydraulic / Water Supply),BMC Hydraulic Engineer's Department,mum_engg
346,MUMD004033,D,Er. Pandurang Raut,Field Engineer (Hydraulic / Water Supply),BMC Hydraulic Engineer's Department,mum_engg
347,MUMD004034,D,Er. Kailas Tambe,Field Engineer (Hydraulic / Water Supply),BMC Hydraulic Engineer's Department,mum_engg
348,MUMD004035,D,Er. Girish Koli,Field Engineer (Gardens & Horticulture),BMC Gardens Department,mum_engg
349,MUMD004036,D,Er. Nitin Mohite,Field Engineer (Gardens & Horticulture),BMC Gardens Department,mum_engg
350,MUMD004037,D,Er. Prashant Mane,Field Engineer (Gardens & Horticulture),BMC Gardens Department,mum_engg
351,MUMD004038,D,Er. Rohit Gokhale,Field Engineer (Gardens & Horticulture),BMC Gardens Department,mum_engg
352,MUMD004039,D,Er. Abhay Gharpure,Field Engineer (Gardens & Horticulture),BMC Gardens Department,mum_engg
353,MUMD004040,D,Er. Dilip Narvekar,Field Engineer (Sewerage Networks),BMC Sewerage Operations Department,mum_engg
354,MUMD004041,D,Er. Subhash Gaikwad,Field Engineer (Sewerage Networks),BMC Sewerage Operations Department,mum_engg
355,MUMD004042,D,Er. Pramod Thakur,Field Engineer (Sewerage Networks),BMC Sewerage Operations Department,mum_engg
356,MUMD004043,D,Er. Atul Kamble,Field Engineer (Sewerage Networks),BMC Sewerage Operations Department,mum_engg
357,MUMD004044,D,Er. Suresh Gholap,Field Engineer (Sewerage Networks),BMC Sewerage Operations Department,mum_engg
358,MUME005010,E,Er. Ravindra Solanki,Field Engineer (Mechanical & Electrical),BMC Mechanical & Electrical Department,mum_engg
359,MUME005011,E,Er. Ajit Bandal,Field Engineer (Mechanical & Electrical),BMC Mechanical & Electrical Department,mum_engg
360,MUME005012,E,Er. Sambhaji Rane,Field Engineer (Mechanical & Electrical),BMC Mechanical & Electrical Department,mum_engg
361,MUME005013,E,Er. Jitendra Wani,Field Engineer (Mechanical & Electrical),BMC Mechanical & Electrical Department,mum_engg
362,MUME005014,E,Er. Hemant Vaidya,Field Engineer (Mechanical & Electrical),BMC Mechanical & Electrical Department,mum_engg
363,MUME005015,E,Er. Gajanan Deshmukh,Field Engineer (Roads & Pavements),BMC Roads Department,mum_engg
364,MUME005016,E,Er. Dnyaneshwar Bhoir,Field Engineer (Roads & Pavements),BMC Roads Department,mum_engg
365,MUME005017,E,Er. Manohar Bhosle,Field Engineer (Roads & Pavements),BMC Roads Department,mum_engg
366,MUME005018,E,Er. Vilas Sonawane,Field Engineer (Roads & Pavements),BMC Roads Department,mum_engg
367,MUME005019,E,Er. Vinod Waghmare,Field Engineer (Roads & Pavements),BMC Roads Department,mum_engg
368,MUME005020,E,Er. Sameer Thorat,Field Engineer (Solid Waste Operations),BMC Solid Waste Management Department,mum_engg
369,MUME005021,E,Er. Rajendra Bhide,Field Engineer (Solid Waste Operations),BMC Solid Waste Management Department,mum_engg
370,MUME005022,E,Er. Deepak Bhalerao,Field Engineer (Solid Waste Operations),BMC Solid Waste Management Department,mum_engg
371,MUME005023,E,Er. Ashok Malvankar,Field Engineer (Solid Waste Operations),BMC Solid Waste Management Department,mum_engg
372,MUME005024,E,Er. Sudhakar Patil,Field Engineer (Solid Waste Operations),BMC Solid Waste Management Department,mum_engg
373,MUME005025,E,Er. Yogesh Chaudhari,Field Engineer (Storm Water Drains),BMC Storm Water Drains Department (SWD),mum_engg
374,MUME005026,E,Er. Sunil Sawant,Field Engineer (Storm Water Drains),BMC Storm Water Drains Department (SWD),mum_engg
375,MUME005027,E,Er. Sudhir Londhe,Field Engineer (Storm Water Drains),BMC Storm Water Drains Department (SWD),mum_engg
376,MUME005028,E,Er. Santosh Pednekar,Field Engineer (Storm Water Drains),BMC Storm Water Drains Department (SWD),mum_engg
377,MUME005029,E,Er. Bhagwan Dhumal,Field Engineer (Storm Water Drains),BMC Storm Water Drains Department (SWD),mum_engg
378,MUME005030,E,Er. Vivek Tawde,Field Engineer (Hydraulic / Water Supply),BMC Hydraulic Engineer's Department,mum_engg
379,MUME005031,E,Er. Arun Jagdale,Field Engineer (Hydraulic / Water Supply),BMC Hydraulic Engineer's Department,mum_engg
380,MUME005032,E,Er. Dattatray Shirodkar,Field Engineer (Hydraulic / Water Supply),BMC Hydraulic Engineer's Department,mum_engg
381,MUME005033,E,Er. Baban More,Field Engineer (Hydraulic / Water Supply),BMC Hydraulic Engineer's Department,mum_engg
382,MUME005034,E,Er. Bhalchandra Mhatre,Field Engineer (Hydraulic / Water Supply),BMC Hydraulic Engineer's Department,mum_engg
383,MUME005035,E,Er. Vijay Shinde,Field Engineer (Gardens & Horticulture),BMC Gardens Department,mum_engg
384,MUME005036,E,Er. Chandrashekhar Kharat,Field Engineer (Gardens & Horticulture),BMC Gardens Department,mum_engg
385,MUME005037,E,Er. Amol Salvi,Field Engineer (Gardens & Horticulture),BMC Gardens Department,mum_engg
386,MUME005038,E,Er. Kiran Suryavanshi,Field Engineer (Gardens & Horticulture),BMC Gardens Department,mum_engg
387,MUME005039,E,Er. Ganesh Parab,Field Engineer (Gardens & Horticulture),BMC Gardens Department,mum_engg
388,MUME005040,E,Er. Milind Kute,Field Engineer (Sewerage Networks),BMC Sewerage Operations Department,mum_engg
389,MUME005041,E,Er. Vasant Pardeshi,Field Engineer (Sewerage Networks),BMC Sewerage Operations Department,mum_engg
390,MUME005042,E,Er. Swapnil Jadhav,Field Engineer (Sewerage Networks),BMC Sewerage Operations Department,mum_engg
391,MUME005043,E,Er. Anil Gharat,Field Engineer (Sewerage Networks),BMC Sewerage Operations Department,mum_engg
392,MUME005044,E,Er. Sandip Pawar,Field Engineer (Sewerage Networks),BMC Sewerage Operations Department,mum_engg
393,MUMFN06010,F/North,Er. Avinash Sutar,Field Engineer (Mechanical & Electrical),BMC Mechanical & Electrical Department,mum_engg
394,MUMFN06011,F/North,Er. Kishore Gore,Field Engineer (Mechanical & Electrical),BMC Mechanical & Electrical Department,mum_engg
395,MUMFN06012,F/North,Er. Rajesh Vichare,Field Engineer (Mechanical & Electrical),BMC Mechanical & Electrical Department,mum_engg
396,MUMFN06013,F/North,Er. Sanjay Kulkarni,Field Engineer (Mechanical & Electrical),BMC Mechanical & Electrical Department,mum_engg
397,MUMFN06014,F/North,Er. Shashikant Kokate,Field Engineer (Mechanical & Electrical),BMC Mechanical & Electrical Department,mum_engg
398,MUMFN06015,F/North,Er. Eknath Mandlik,Field Engineer (Roads & Pavements),BMC Roads Department,mum_engg
399,MUMFN06016,F/North,Er. Siddharth Kadam,Field Engineer (Roads & Pavements),BMC Roads Department,mum_engg
400,MUMFN06017,F/North,Er. Manoj Khopkar,Field Engineer (Roads & Pavements),BMC Roads Department,mum_engg
401,MUMFN06018,F/North,Er. Jayant Chavan,Field Engineer (Roads & Pavements),BMC Roads Department,mum_engg
402,MUMFN06019,F/North,Er. Chetan Raut,Field Engineer (Roads & Pavements),BMC Roads Department,mum_engg
403,MUMFN06020,F/North,Er. Shirish Tambe,Field Engineer (Solid Waste Operations),BMC Solid Waste Management Department,mum_engg
404,MUMFN06021,F/North,Er. Sachin Koli,Field Engineer (Solid Waste Operations),BMC Solid Waste Management Department,mum_engg
405,MUMFN06022,F/North,Er. Satish Mohite,Field Engineer (Solid Waste Operations),BMC Solid Waste Management Department,mum_engg
406,MUMFN06023,F/North,Er. Tushar Mane,Field Engineer (Solid Waste Operations),BMC Solid Waste Management Department,mum_engg
407,MUMFN06024,F/North,Er. Mangesh Gokhale,Field Engineer (Solid Waste Operations),BMC Solid Waste Management Department,mum_engg
408,MUMFN06025,F/North,Er. Mahesh Gharpure,Field Engineer (Storm Water Drains),BMC Storm Water Drains Department (SWD),mum_engg
409,MUMFN06026,F/North,Er. Kishor Narvekar,Field Engineer (Storm Water Drains),BMC Storm Water Drains Department (SWD),mum_engg
410,MUMFN06027,F/North,Er. Devendra Gaikwad,Field Engineer (Storm Water Drains),BMC Storm Water Drains Department (SWD),mum_engg
411,MUMFN06028,F/North,Er. Umesh Thakur,Field Engineer (Storm Water Drains),BMC Storm Water Drains Department (SWD),mum_engg
412,MUMFN06029,F/North,Er. Prakash Kamble,Field Engineer (Storm Water Drains),BMC Storm Water Drains Department (SWD),mum_engg
413,MUMFN06030,F/North,Er. Ramesh Gholap,Field Engineer (Hydraulic / Water Supply),BMC Hydraulic Engineer's Department,mum_engg
414,MUMFN06031,F/North,Er. Shrikant Solanki,Field Engineer (Hydraulic / Water Supply),BMC Hydraulic Engineer's Department,mum_engg
415,MUMFN06032,F/North,Er. Tanaji Bandal,Field Engineer (Hydraulic / Water Supply),BMC Hydraulic Engineer's Department,mum_engg
416,MUMFN06033,F/North,Er. Bhupesh Rane,Field Engineer (Hydraulic / Water Supply),BMC Hydraulic Engineer's Department,mum_engg
417,MUMFN06034,F/North,Er. Pradeep Wani,Field Engineer (Hydraulic / Water Supply),BMC Hydraulic Engineer's Department,mum_engg
418,MUMFN06035,F/North,Er. Pandurang Vaidya,Field Engineer (Gardens & Horticulture),BMC Gardens Department,mum_engg
419,MUMFN06036,F/North,Er. Kailas Deshmukh,Field Engineer (Gardens & Horticulture),BMC Gardens Department,mum_engg
420,MUMFN06037,F/North,Er. Girish Bhoir,Field Engineer (Gardens & Horticulture),BMC Gardens Department,mum_engg
421,MUMFN06038,F/North,Er. Nitin Bhosle,Field Engineer (Gardens & Horticulture),BMC Gardens Department,mum_engg
422,MUMFN06039,F/North,Er. Prashant Sonawane,Field Engineer (Gardens & Horticulture),BMC Gardens Department,mum_engg
423,MUMFN06040,F/North,Er. Rohit Waghmare,Field Engineer (Sewerage Networks),BMC Sewerage Operations Department,mum_engg
424,MUMFN06041,F/North,Er. Abhay Thorat,Field Engineer (Sewerage Networks),BMC Sewerage Operations Department,mum_engg
425,MUMFN06042,F/North,Er. Dilip Bhide,Field Engineer (Sewerage Networks),BMC Sewerage Operations Department,mum_engg
426,MUMFN06043,F/North,Er. Subhash Bhalerao,Field Engineer (Sewerage Networks),BMC Sewerage Operations Department,mum_engg
427,MUMFN06044,F/North,Er. Pramod Malvankar,Field Engineer (Sewerage Networks),BMC Sewerage Operations Department,mum_engg
428,MUMFS07010,F/South,Er. Atul Patil,Field Engineer (Mechanical & Electrical),BMC Mechanical & Electrical Department,mum_engg
429,MUMFS07011,F/South,Er. Suresh Chaudhari,Field Engineer (Mechanical & Electrical),BMC Mechanical & Electrical Department,mum_engg
430,MUMFS07012,F/South,Er. Ravindra Sawant,Field Engineer (Mechanical & Electrical),BMC Mechanical & Electrical Department,mum_engg
431,MUMFS07013,F/South,Er. Ajit Londhe,Field Engineer (Mechanical & Electrical),BMC Mechanical & Electrical Department,mum_engg
432,MUMFS07014,F/South,Er. Sambhaji Pednekar,Field Engineer (Mechanical & Electrical),BMC Mechanical & Electrical Department,mum_engg
433,MUMFS07015,F/South,Er. Jitendra Dhumal,Field Engineer (Roads & Pavements),BMC Roads Department,mum_engg
434,MUMFS07016,F/South,Er. Hemant Tawde,Field Engineer (Roads & Pavements),BMC Roads Department,mum_engg
435,MUMFS07017,F/South,Er. Gajanan Jagdale,Field Engineer (Roads & Pavements),BMC Roads Department,mum_engg
436,MUMFS07018,F/South,Er. Dnyaneshwar Shirodkar,Field Engineer (Roads & Pavements),BMC Roads Department,mum_engg
437,MUMFS07019,F/South,Er. Manohar More,Field Engineer (Roads & Pavements),BMC Roads Department,mum_engg
438,MUMFS07020,F/South,Er. Vilas Mhatre,Field Engineer (Solid Waste Operations),BMC Solid Waste Management Department,mum_engg
439,MUMFS07021,F/South,Er. Vinod Shinde,Field Engineer (Solid Waste Operations),BMC Solid Waste Management Department,mum_engg
440,MUMFS07022,F/South,Er. Sameer Kharat,Field Engineer (Solid Waste Operations),BMC Solid Waste Management Department,mum_engg
441,MUMFS07023,F/South,Er. Rajendra Salvi,Field Engineer (Solid Waste Operations),BMC Solid Waste Management Department,mum_engg
442,MUMFS07024,F/South,Er. Deepak Suryavanshi,Field Engineer (Solid Waste Operations),BMC Solid Waste Management Department,mum_engg
443,MUMFS07025,F/South,Er. Ashok Parab,Field Engineer (Storm Water Drains),BMC Storm Water Drains Department (SWD),mum_engg
444,MUMFS07026,F/South,Er. Sudhakar Kute,Field Engineer (Storm Water Drains),BMC Storm Water Drains Department (SWD),mum_engg
445,MUMFS07027,F/South,Er. Yogesh Pardeshi,Field Engineer (Storm Water Drains),BMC Storm Water Drains Department (SWD),mum_engg
446,MUMFS07028,F/South,Er. Sunil Jadhav,Field Engineer (Storm Water Drains),BMC Storm Water Drains Department (SWD),mum_engg
447,MUMFS07029,F/South,Er. Sudhir Gharat,Field Engineer (Storm Water Drains),BMC Storm Water Drains Department (SWD),mum_engg
448,MUMFS07030,F/South,Er. Santosh Pawar,Field Engineer (Hydraulic / Water Supply),BMC Hydraulic Engineer's Department,mum_engg
449,MUMFS07031,F/South,Er. Bhagwan Sutar,Field Engineer (Hydraulic / Water Supply),BMC Hydraulic Engineer's Department,mum_engg
450,MUMFS07032,F/South,Er. Vivek Gore,Field Engineer (Hydraulic / Water Supply),BMC Hydraulic Engineer's Department,mum_engg
451,MUMFS07033,F/South,Er. Arun Vichare,Field Engineer (Hydraulic / Water Supply),BMC Hydraulic Engineer's Department,mum_engg
452,MUMFS07034,F/South,Er. Dattatray Kulkarni,Field Engineer (Hydraulic / Water Supply),BMC Hydraulic Engineer's Department,mum_engg
453,MUMFS07035,F/South,Er. Baban Kokate,Field Engineer (Gardens & Horticulture),BMC Gardens Department,mum_engg
454,MUMFS07036,F/South,Er. Bhalchandra Mandlik,Field Engineer (Gardens & Horticulture),BMC Gardens Department,mum_engg
455,MUMFS07037,F/South,Er. Vijay Kadam,Field Engineer (Gardens & Horticulture),BMC Gardens Department,mum_engg
456,MUMFS07038,F/South,Er. Chandrashekhar Khopkar,Field Engineer (Gardens & Horticulture),BMC Gardens Department,mum_engg
457,MUMFS07039,F/South,Er. Amol Chavan,Field Engineer (Gardens & Horticulture),BMC Gardens Department,mum_engg
458,MUMFS07040,F/South,Er. Kiran Raut,Field Engineer (Sewerage Networks),BMC Sewerage Operations Department,mum_engg
459,MUMFS07041,F/South,Er. Ganesh Tambe,Field Engineer (Sewerage Networks),BMC Sewerage Operations Department,mum_engg
460,MUMFS07042,F/South,Er. Milind Koli,Field Engineer (Sewerage Networks),BMC Sewerage Operations Department,mum_engg
461,MUMFS07043,F/South,Er. Vasant Mohite,Field Engineer (Sewerage Networks),BMC Sewerage Operations Department,mum_engg
462,MUMFS07044,F/South,Er. Swapnil Mane,Field Engineer (Sewerage Networks),BMC Sewerage Operations Department,mum_engg
463,MUMGN08010,G/North,Er. Anil Gokhale,Field Engineer (Mechanical & Electrical),BMC Mechanical & Electrical Department,mum_engg
464,MUMGN08011,G/North,Er. Sandip Gharpure,Field Engineer (Mechanical & Electrical),BMC Mechanical & Electrical Department,mum_engg
465,MUMGN08012,G/North,Er. Avinash Narvekar,Field Engineer (Mechanical & Electrical),BMC Mechanical & Electrical Department,mum_engg
466,MUMGN08013,G/North,Er. Kishore Gaikwad,Field Engineer (Mechanical & Electrical),BMC Mechanical & Electrical Department,mum_engg
467,MUMGN08014,G/North,Er. Rajesh Thakur,Field Engineer (Mechanical & Electrical),BMC Mechanical & Electrical Department,mum_engg
468,MUMGN08015,G/North,Er. Sanjay Kamble,Field Engineer (Roads & Pavements),BMC Roads Department,mum_engg
469,MUMGN08016,G/North,Er. Shashikant Gholap,Field Engineer (Roads & Pavements),BMC Roads Department,mum_engg
470,MUMGN08017,G/North,Er. Eknath Solanki,Field Engineer (Roads & Pavements),BMC Roads Department,mum_engg
471,MUMGN08018,G/North,Er. Siddharth Bandal,Field Engineer (Roads & Pavements),BMC Roads Department,mum_engg
472,MUMGN08019,G/North,Er. Manoj Rane,Field Engineer (Roads & Pavements),BMC Roads Department,mum_engg
473,MUMGN08020,G/North,Er. Jayant Wani,Field Engineer (Solid Waste Operations),BMC Solid Waste Management Department,mum_engg
474,MUMGN08021,G/North,Er. Chetan Vaidya,Field Engineer (Solid Waste Operations),BMC Solid Waste Management Department,mum_engg
475,MUMGN08022,G/North,Er. Shirish Deshmukh,Field Engineer (Solid Waste Operations),BMC Solid Waste Management Department,mum_engg
476,MUMGN08023,G/North,Er. Sachin Bhoir,Field Engineer (Solid Waste Operations),BMC Solid Waste Management Department,mum_engg
477,MUMGN08024,G/North,Er. Satish Bhosle,Field Engineer (Solid Waste Operations),BMC Solid Waste Management Department,mum_engg
478,MUMGN08025,G/North,Er. Tushar Sonawane,Field Engineer (Storm Water Drains),BMC Storm Water Drains Department (SWD),mum_engg
479,MUMGN08026,G/North,Er. Mangesh Waghmare,Field Engineer (Storm Water Drains),BMC Storm Water Drains Department (SWD),mum_engg
480,MUMGN08027,G/North,Er. Mahesh Thorat,Field Engineer (Storm Water Drains),BMC Storm Water Drains Department (SWD),mum_engg
481,MUMGN08028,G/North,Er. Kishor Bhide,Field Engineer (Storm Water Drains),BMC Storm Water Drains Department (SWD),mum_engg
482,MUMGN08029,G/North,Er. Devendra Bhalerao,Field Engineer (Storm Water Drains),BMC Storm Water Drains Department (SWD),mum_engg
483,MUMGN08030,G/North,Er. Umesh Malvankar,Field Engineer (Hydraulic / Water Supply),BMC Hydraulic Engineer's Department,mum_engg
484,MUMGN08031,G/North,Er. Prakash Patil,Field Engineer (Hydraulic / Water Supply),BMC Hydraulic Engineer's Department,mum_engg
485,MUMGN08032,G/North,Er. Ramesh Chaudhari,Field Engineer (Hydraulic / Water Supply),BMC Hydraulic Engineer's Department,mum_engg
486,MUMGN08033,G/North,Er. Shrikant Sawant,Field Engineer (Hydraulic / Water Supply),BMC Hydraulic Engineer's Department,mum_engg
487,MUMGN08034,G/North,Er. Tanaji Londhe,Field Engineer (Hydraulic / Water Supply),BMC Hydraulic Engineer's Department,mum_engg
488,MUMGN08035,G/North,Er. Bhupesh Pednekar,Field Engineer (Gardens & Horticulture),BMC Gardens Department,mum_engg
489,MUMGN08036,G/North,Er. Pradeep Dhumal,Field Engineer (Gardens & Horticulture),BMC Gardens Department,mum_engg
490,MUMGN08037,G/North,Er. Pandurang Tawde,Field Engineer (Gardens & Horticulture),BMC Gardens Department,mum_engg
491,MUMGN08038,G/North,Er. Kailas Jagdale,Field Engineer (Gardens & Horticulture),BMC Gardens Department,mum_engg
492,MUMGN08039,G/North,Er. Girish Shirodkar,Field Engineer (Gardens & Horticulture),BMC Gardens Department,mum_engg
493,MUMGN08040,G/North,Er. Nitin More,Field Engineer (Sewerage Networks),BMC Sewerage Operations Department,mum_engg
494,MUMGN08041,G/North,Er. Prashant Mhatre,Field Engineer (Sewerage Networks),BMC Sewerage Operations Department,mum_engg
495,MUMGN08042,G/North,Er. Rohit Shinde,Field Engineer (Sewerage Networks),BMC Sewerage Operations Department,mum_engg
496,MUMGN08043,G/North,Er. Abhay Kharat,Field Engineer (Sewerage Networks),BMC Sewerage Operations Department,mum_engg
497,MUMGN08044,G/North,Er. Dilip Salvi,Field Engineer (Sewerage Networks),BMC Sewerage Operations Department,mum_engg
498,MUMGS09010,G/South,Er. Subhash Suryavanshi,Field Engineer (Mechanical & Electrical),BMC Mechanical & Electrical Department,mum_engg
499,MUMGS09011,G/South,Er. Pramod Parab,Field Engineer (Mechanical & Electrical),BMC Mechanical & Electrical Department,mum_engg
500,MUMGS09012,G/South,Er. Atul Kute,Field Engineer (Mechanical & Electrical),BMC Mechanical & Electrical Department,mum_engg
501,MUMGS09013,G/South,Er. Suresh Pardeshi,Field Engineer (Mechanical & Electrical),BMC Mechanical & Electrical Department,mum_engg
502,MUMGS09014,G/South,Er. Ravindra Jadhav,Field Engineer (Mechanical & Electrical),BMC Mechanical & Electrical Department,mum_engg
503,MUMGS09015,G/South,Er. Ajit Gharat,Field Engineer (Roads & Pavements),BMC Roads Department,mum_engg
504,MUMGS09016,G/South,Er. Sambhaji Pawar,Field Engineer (Roads & Pavements),BMC Roads Department,mum_engg
505,MUMGS09017,G/South,Er. Jitendra Sutar,Field Engineer (Roads & Pavements),BMC Roads Department,mum_engg
506,MUMGS09018,G/South,Er. Hemant Gore,Field Engineer (Roads & Pavements),BMC Roads Department,mum_engg
507,MUMGS09019,G/South,Er. Gajanan Vichare,Field Engineer (Roads & Pavements),BMC Roads Department,mum_engg
508,MUMGS09020,G/South,Er. Dnyaneshwar Kulkarni,Field Engineer (Solid Waste Operations),BMC Solid Waste Management Department,mum_engg
509,MUMGS09021,G/South,Er. Manohar Kokate,Field Engineer (Solid Waste Operations),BMC Solid Waste Management Department,mum_engg
510,MUMGS09022,G/South,Er. Vilas Mandlik,Field Engineer (Solid Waste Operations),BMC Solid Waste Management Department,mum_engg
511,MUMGS09023,G/South,Er. Vinod Kadam,Field Engineer (Solid Waste Operations),BMC Solid Waste Management Department,mum_engg
512,MUMGS09024,G/South,Er. Sameer Khopkar,Field Engineer (Solid Waste Operations),BMC Solid Waste Management Department,mum_engg
513,MUMGS09025,G/South,Er. Rajendra Chavan,Field Engineer (Storm Water Drains),BMC Storm Water Drains Department (SWD),mum_engg
514,MUMGS09026,G/South,Er. Deepak Raut,Field Engineer (Storm Water Drains),BMC Storm Water Drains Department (SWD),mum_engg
515,MUMGS09027,G/South,Er. Ashok Tambe,Field Engineer (Storm Water Drains),BMC Storm Water Drains Department (SWD),mum_engg
516,MUMGS09028,G/South,Er. Sudhakar Koli,Field Engineer (Storm Water Drains),BMC Storm Water Drains Department (SWD),mum_engg
517,MUMGS09029,G/South,Er. Yogesh Mohite,Field Engineer (Storm Water Drains),BMC Storm Water Drains Department (SWD),mum_engg
518,MUMGS09030,G/South,Er. Sunil Mane,Field Engineer (Hydraulic / Water Supply),BMC Hydraulic Engineer's Department,mum_engg
519,MUMGS09031,G/South,Er. Sudhir Gokhale,Field Engineer (Hydraulic / Water Supply),BMC Hydraulic Engineer's Department,mum_engg
520,MUMGS09032,G/South,Er. Santosh Gharpure,Field Engineer (Hydraulic / Water Supply),BMC Hydraulic Engineer's Department,mum_engg
521,MUMGS09033,G/South,Er. Bhagwan Narvekar,Field Engineer (Hydraulic / Water Supply),BMC Hydraulic Engineer's Department,mum_engg
522,MUMGS09034,G/South,Er. Vivek Gaikwad,Field Engineer (Hydraulic / Water Supply),BMC Hydraulic Engineer's Department,mum_engg
523,MUMGS09035,G/South,Er. Arun Thakur,Field Engineer (Gardens & Horticulture),BMC Gardens Department,mum_engg
524,MUMGS09036,G/South,Er. Dattatray Kamble,Field Engineer (Gardens & Horticulture),BMC Gardens Department,mum_engg
525,MUMGS09037,G/South,Er. Baban Gholap,Field Engineer (Gardens & Horticulture),BMC Gardens Department,mum_engg
526,MUMGS09038,G/South,Er. Bhalchandra Solanki,Field Engineer (Gardens & Horticulture),BMC Gardens Department,mum_engg
527,MUMGS09039,G/South,Er. Vijay Bandal,Field Engineer (Gardens & Horticulture),BMC Gardens Department,mum_engg
528,MUMGS09040,G/South,Er. Chandrashekhar Rane,Field Engineer (Sewerage Networks),BMC Sewerage Operations Department,mum_engg
529,MUMGS09041,G/South,Er. Amol Wani,Field Engineer (Sewerage Networks),BMC Sewerage Operations Department,mum_engg
530,MUMGS09042,G/South,Er. Kiran Vaidya,Field Engineer (Sewerage Networks),BMC Sewerage Operations Department,mum_engg
531,MUMGS09043,G/South,Er. Ganesh Deshmukh,Field Engineer (Sewerage Networks),BMC Sewerage Operations Department,mum_engg
532,MUMGS09044,G/South,Er. Milind Bhoir,Field Engineer (Sewerage Networks),BMC Sewerage Operations Department,mum_engg
533,MUMHE10010,H/East,Er. Vasant Bhosle,Field Engineer (Mechanical & Electrical),BMC Mechanical & Electrical Department,mum_engg
534,MUMHE10011,H/East,Er. Swapnil Sonawane,Field Engineer (Mechanical & Electrical),BMC Mechanical & Electrical Department,mum_engg
535,MUMHE10012,H/East,Er. Anil Waghmare,Field Engineer (Mechanical & Electrical),BMC Mechanical & Electrical Department,mum_engg
536,MUMHE10013,H/East,Er. Sandip Thorat,Field Engineer (Mechanical & Electrical),BMC Mechanical & Electrical Department,mum_engg
537,MUMHE10014,H/East,Er. Avinash Bhide,Field Engineer (Mechanical & Electrical),BMC Mechanical & Electrical Department,mum_engg
538,MUMHE10015,H/East,Er. Kishore Bhalerao,Field Engineer (Roads & Pavements),BMC Roads Department,mum_engg
539,MUMHE10016,H/East,Er. Rajesh Malvankar,Field Engineer (Roads & Pavements),BMC Roads Department,mum_engg
540,MUMHE10017,H/East,Er. Sanjay Patil,Field Engineer (Roads & Pavements),BMC Roads Department,mum_engg
541,MUMHE10018,H/East,Er. Shashikant Chaudhari,Field Engineer (Roads & Pavements),BMC Roads Department,mum_engg
542,MUMHE10019,H/East,Er. Eknath Sawant,Field Engineer (Roads & Pavements),BMC Roads Department,mum_engg
543,MUMHE10020,H/East,Er. Siddharth Londhe,Field Engineer (Solid Waste Operations),BMC Solid Waste Management Department,mum_engg
544,MUMHE10021,H/East,Er. Manoj Pednekar,Field Engineer (Solid Waste Operations),BMC Solid Waste Management Department,mum_engg
545,MUMHE10022,H/East,Er. Jayant Dhumal,Field Engineer (Solid Waste Operations),BMC Solid Waste Management Department,mum_engg
546,MUMHE10023,H/East,Er. Chetan Tawde,Field Engineer (Solid Waste Operations),BMC Solid Waste Management Department,mum_engg
547,MUMHE10024,H/East,Er. Shirish Jagdale,Field Engineer (Solid Waste Operations),BMC Solid Waste Management Department,mum_engg
548,MUMHE10025,H/East,Er. Sachin Shirodkar,Field Engineer (Storm Water Drains),BMC Storm Water Drains Department (SWD),mum_engg
549,MUMHE10026,H/East,Er. Satish More,Field Engineer (Storm Water Drains),BMC Storm Water Drains Department (SWD),mum_engg
550,MUMHE10027,H/East,Er. Tushar Mhatre,Field Engineer (Storm Water Drains),BMC Storm Water Drains Department (SWD),mum_engg
551,MUMHE10028,H/East,Er. Mangesh Shinde,Field Engineer (Storm Water Drains),BMC Storm Water Drains Department (SWD),mum_engg
552,MUMHE10029,H/East,Er. Mahesh Kharat,Field Engineer (Storm Water Drains),BMC Storm Water Drains Department (SWD),mum_engg
553,MUMHE10030,H/East,Er. Kishor Salvi,Field Engineer (Hydraulic / Water Supply),BMC Hydraulic Engineer's Department,mum_engg
554,MUMHE10031,H/East,Er. Devendra Suryavanshi,Field Engineer (Hydraulic / Water Supply),BMC Hydraulic Engineer's Department,mum_engg
555,MUMHE10032,H/East,Er. Umesh Parab,Field Engineer (Hydraulic / Water Supply),BMC Hydraulic Engineer's Department,mum_engg
556,MUMHE10033,H/East,Er. Prakash Kute,Field Engineer (Hydraulic / Water Supply),BMC Hydraulic Engineer's Department,mum_engg
557,MUMHE10034,H/East,Er. Ramesh Pardeshi,Field Engineer (Hydraulic / Water Supply),BMC Hydraulic Engineer's Department,mum_engg
558,MUMHE10035,H/East,Er. Shrikant Jadhav,Field Engineer (Gardens & Horticulture),BMC Gardens Department,mum_engg
559,MUMHE10036,H/East,Er. Tanaji Gharat,Field Engineer (Gardens & Horticulture),BMC Gardens Department,mum_engg
560,MUMHE10037,H/East,Er. Bhupesh Pawar,Field Engineer (Gardens & Horticulture),BMC Gardens Department,mum_engg
561,MUMHE10038,H/East,Er. Pradeep Sutar,Field Engineer (Gardens & Horticulture),BMC Gardens Department,mum_engg
562,MUMHE10039,H/East,Er. Pandurang Gore,Field Engineer (Gardens & Horticulture),BMC Gardens Department,mum_engg
563,MUMHE10040,H/East,Er. Kailas Vichare,Field Engineer (Sewerage Networks),BMC Sewerage Operations Department,mum_engg
564,MUMHE10041,H/East,Er. Girish Kulkarni,Field Engineer (Sewerage Networks),BMC Sewerage Operations Department,mum_engg
565,MUMHE10042,H/East,Er. Nitin Kokate,Field Engineer (Sewerage Networks),BMC Sewerage Operations Department,mum_engg
566,MUMHE10043,H/East,Er. Prashant Mandlik,Field Engineer (Sewerage Networks),BMC Sewerage Operations Department,mum_engg
567,MUMHE10044,H/East,Er. Rohit Kadam,Field Engineer (Sewerage Networks),BMC Sewerage Operations Department,mum_engg
568,MUMHW11010,H/West,Er. Abhay Khopkar,Field Engineer (Mechanical & Electrical),BMC Mechanical & Electrical Department,mum_engg
569,MUMHW11011,H/West,Er. Dilip Chavan,Field Engineer (Mechanical & Electrical),BMC Mechanical & Electrical Department,mum_engg
570,MUMHW11012,H/West,Er. Subhash Raut,Field Engineer (Mechanical & Electrical),BMC Mechanical & Electrical Department,mum_engg
571,MUMHW11013,H/West,Er. Pramod Tambe,Field Engineer (Mechanical & Electrical),BMC Mechanical & Electrical Department,mum_engg
572,MUMHW11014,H/West,Er. Atul Koli,Field Engineer (Mechanical & Electrical),BMC Mechanical & Electrical Department,mum_engg
573,MUMHW11015,H/West,Er. Suresh Mohite,Field Engineer (Roads & Pavements),BMC Roads Department,mum_engg
574,MUMHW11016,H/West,Er. Ravindra Mane,Field Engineer (Roads & Pavements),BMC Roads Department,mum_engg
575,MUMHW11017,H/West,Er. Ajit Gokhale,Field Engineer (Roads & Pavements),BMC Roads Department,mum_engg
576,MUMHW11018,H/West,Er. Sambhaji Gharpure,Field Engineer (Roads & Pavements),BMC Roads Department,mum_engg
577,MUMHW11019,H/West,Er. Jitendra Narvekar,Field Engineer (Roads & Pavements),BMC Roads Department,mum_engg
578,MUMHW11020,H/West,Er. Hemant Gaikwad,Field Engineer (Solid Waste Operations),BMC Solid Waste Management Department,mum_engg
579,MUMHW11021,H/West,Er. Gajanan Thakur,Field Engineer (Solid Waste Operations),BMC Solid Waste Management Department,mum_engg
580,MUMHW11022,H/West,Er. Dnyaneshwar Kamble,Field Engineer (Solid Waste Operations),BMC Solid Waste Management Department,mum_engg
581,MUMHW11023,H/West,Er. Manohar Gholap,Field Engineer (Solid Waste Operations),BMC Solid Waste Management Department,mum_engg
582,MUMHW11024,H/West,Er. Vilas Solanki,Field Engineer (Solid Waste Operations),BMC Solid Waste Management Department,mum_engg
583,MUMHW11025,H/West,Er. Vinod Bandal,Field Engineer (Storm Water Drains),BMC Storm Water Drains Department (SWD),mum_engg
584,MUMHW11026,H/West,Er. Sameer Rane,Field Engineer (Storm Water Drains),BMC Storm Water Drains Department (SWD),mum_engg
585,MUMHW11027,H/West,Er. Rajendra Wani,Field Engineer (Storm Water Drains),BMC Storm Water Drains Department (SWD),mum_engg
586,MUMHW11028,H/West,Er. Deepak Vaidya,Field Engineer (Storm Water Drains),BMC Storm Water Drains Department (SWD),mum_engg
587,MUMHW11029,H/West,Er. Ashok Deshmukh,Field Engineer (Storm Water Drains),BMC Storm Water Drains Department (SWD),mum_engg
588,MUMHW11030,H/West,Er. Sudhakar Bhoir,Field Engineer (Hydraulic / Water Supply),BMC Hydraulic Engineer's Department,mum_engg
589,MUMHW11031,H/West,Er. Yogesh Bhosle,Field Engineer (Hydraulic / Water Supply),BMC Hydraulic Engineer's Department,mum_engg
590,MUMHW11032,H/West,Er. Sunil Sonawane,Field Engineer (Hydraulic / Water Supply),BMC Hydraulic Engineer's Department,mum_engg
591,MUMHW11033,H/West,Er. Sudhir Waghmare,Field Engineer (Hydraulic / Water Supply),BMC Hydraulic Engineer's Department,mum_engg
592,MUMHW11034,H/West,Er. Santosh Thorat,Field Engineer (Hydraulic / Water Supply),BMC Hydraulic Engineer's Department,mum_engg
593,MUMHW11035,H/West,Er. Bhagwan Bhide,Field Engineer (Gardens & Horticulture),BMC Gardens Department,mum_engg
594,MUMHW11036,H/West,Er. Vivek Bhalerao,Field Engineer (Gardens & Horticulture),BMC Gardens Department,mum_engg
595,MUMHW11037,H/West,Er. Arun Malvankar,Field Engineer (Gardens & Horticulture),BMC Gardens Department,mum_engg
596,MUMHW11038,H/West,Er. Dattatray Patil,Field Engineer (Gardens & Horticulture),BMC Gardens Department,mum_engg
597,MUMHW11039,H/West,Er. Baban Chaudhari,Field Engineer (Gardens & Horticulture),BMC Gardens Department,mum_engg
598,MUMHW11040,H/West,Er. Bhalchandra Sawant,Field Engineer (Sewerage Networks),BMC Sewerage Operations Department,mum_engg
599,MUMHW11041,H/West,Er. Vijay Londhe,Field Engineer (Sewerage Networks),BMC Sewerage Operations Department,mum_engg
600,MUMHW11042,H/West,Er. Chandrashekhar Pednekar,Field Engineer (Sewerage Networks),BMC Sewerage Operations Department,mum_engg
601,MUMHW11043,H/West,Er. Amol Dhumal,Field Engineer (Sewerage Networks),BMC Sewerage Operations Department,mum_engg
602,MUMHW11044,H/West,Er. Kiran Tawde,Field Engineer (Sewerage Networks),BMC Sewerage Operations Department,mum_engg
603,MUMKE12010,K/East,Er. Ganesh Jagdale,Field Engineer (Mechanical & Electrical),BMC Mechanical & Electrical Department,mum_engg
604,MUMKE12011,K/East,Er. Milind Shirodkar,Field Engineer (Mechanical & Electrical),BMC Mechanical & Electrical Department,mum_engg
605,MUMKE12012,K/East,Er. Vasant More,Field Engineer (Mechanical & Electrical),BMC Mechanical & Electrical Department,mum_engg
606,MUMKE12013,K/East,Er. Swapnil Mhatre,Field Engineer (Mechanical & Electrical),BMC Mechanical & Electrical Department,mum_engg
607,MUMKE12014,K/East,Er. Anil Shinde,Field Engineer (Mechanical & Electrical),BMC Mechanical & Electrical Department,mum_engg
608,MUMKE12015,K/East,Er. Sandip Kharat,Field Engineer (Roads & Pavements),BMC Roads Department,mum_engg
609,MUMKE12016,K/East,Er. Avinash Salvi,Field Engineer (Roads & Pavements),BMC Roads Department,mum_engg
610,MUMKE12017,K/East,Er. Kishore Suryavanshi,Field Engineer (Roads & Pavements),BMC Roads Department,mum_engg
611,MUMKE12018,K/East,Er. Rajesh Parab,Field Engineer (Roads & Pavements),BMC Roads Department,mum_engg
612,MUMKE12019,K/East,Er. Sanjay Kute,Field Engineer (Roads & Pavements),BMC Roads Department,mum_engg
613,MUMKE12020,K/East,Er. Shashikant Pardeshi,Field Engineer (Solid Waste Operations),BMC Solid Waste Management Department,mum_engg
614,MUMKE12021,K/East,Er. Eknath Jadhav,Field Engineer (Solid Waste Operations),BMC Solid Waste Management Department,mum_engg
615,MUMKE12022,K/East,Er. Siddharth Gharat,Field Engineer (Solid Waste Operations),BMC Solid Waste Management Department,mum_engg
616,MUMKE12023,K/East,Er. Manoj Pawar,Field Engineer (Solid Waste Operations),BMC Solid Waste Management Department,mum_engg
617,MUMKE12024,K/East,Er. Jayant Sutar,Field Engineer (Solid Waste Operations),BMC Solid Waste Management Department,mum_engg
618,MUMKE12025,K/East,Er. Chetan Gore,Field Engineer (Storm Water Drains),BMC Storm Water Drains Department (SWD),mum_engg
619,MUMKE12026,K/East,Er. Shirish Vichare,Field Engineer (Storm Water Drains),BMC Storm Water Drains Department (SWD),mum_engg
620,MUMKE12027,K/East,Er. Sachin Kulkarni,Field Engineer (Storm Water Drains),BMC Storm Water Drains Department (SWD),mum_engg
621,MUMKE12028,K/East,Er. Satish Kokate,Field Engineer (Storm Water Drains),BMC Storm Water Drains Department (SWD),mum_engg
622,MUMKE12029,K/East,Er. Tushar Mandlik,Field Engineer (Storm Water Drains),BMC Storm Water Drains Department (SWD),mum_engg
623,MUMKE12030,K/East,Er. Mangesh Kadam,Field Engineer (Hydraulic / Water Supply),BMC Hydraulic Engineer's Department,mum_engg
624,MUMKE12031,K/East,Er. Mahesh Khopkar,Field Engineer (Hydraulic / Water Supply),BMC Hydraulic Engineer's Department,mum_engg
625,MUMKE12032,K/East,Er. Kishor Chavan,Field Engineer (Hydraulic / Water Supply),BMC Hydraulic Engineer's Department,mum_engg
626,MUMKE12033,K/East,Er. Devendra Raut,Field Engineer (Hydraulic / Water Supply),BMC Hydraulic Engineer's Department,mum_engg
627,MUMKE12034,K/East,Er. Umesh Tambe,Field Engineer (Hydraulic / Water Supply),BMC Hydraulic Engineer's Department,mum_engg
628,MUMKE12035,K/East,Er. Prakash Koli,Field Engineer (Gardens & Horticulture),BMC Gardens Department,mum_engg
629,MUMKE12036,K/East,Er. Ramesh Mohite,Field Engineer (Gardens & Horticulture),BMC Gardens Department,mum_engg
630,MUMKE12037,K/East,Er. Shrikant Mane,Field Engineer (Gardens & Horticulture),BMC Gardens Department,mum_engg
631,MUMKE12038,K/East,Er. Tanaji Gokhale,Field Engineer (Gardens & Horticulture),BMC Gardens Department,mum_engg
632,MUMKE12039,K/East,Er. Bhupesh Gharpure,Field Engineer (Gardens & Horticulture),BMC Gardens Department,mum_engg
633,MUMKE12040,K/East,Er. Pradeep Narvekar,Field Engineer (Sewerage Networks),BMC Sewerage Operations Department,mum_engg
634,MUMKE12041,K/East,Er. Pandurang Gaikwad,Field Engineer (Sewerage Networks),BMC Sewerage Operations Department,mum_engg
635,MUMKE12042,K/East,Er. Kailas Thakur,Field Engineer (Sewerage Networks),BMC Sewerage Operations Department,mum_engg
636,MUMKE12043,K/East,Er. Girish Kamble,Field Engineer (Sewerage Networks),BMC Sewerage Operations Department,mum_engg
637,MUMKE12044,K/East,Er. Nitin Gholap,Field Engineer (Sewerage Networks),BMC Sewerage Operations Department,mum_engg
638,MUMKW13010,K/West,Er. Prashant Solanki,Field Engineer (Mechanical & Electrical),BMC Mechanical & Electrical Department,mum_engg
639,MUMKW13011,K/West,Er. Rohit Bandal,Field Engineer (Mechanical & Electrical),BMC Mechanical & Electrical Department,mum_engg
640,MUMKW13012,K/West,Er. Abhay Rane,Field Engineer (Mechanical & Electrical),BMC Mechanical & Electrical Department,mum_engg
641,MUMKW13013,K/West,Er. Dilip Wani,Field Engineer (Mechanical & Electrical),BMC Mechanical & Electrical Department,mum_engg
642,MUMKW13014,K/West,Er. Subhash Vaidya,Field Engineer (Mechanical & Electrical),BMC Mechanical & Electrical Department,mum_engg
643,MUMKW13015,K/West,Er. Pramod Deshmukh,Field Engineer (Roads & Pavements),BMC Roads Department,mum_engg
644,MUMKW13016,K/West,Er. Atul Bhoir,Field Engineer (Roads & Pavements),BMC Roads Department,mum_engg
645,MUMKW13017,K/West,Er. Suresh Bhosle,Field Engineer (Roads & Pavements),BMC Roads Department,mum_engg
646,MUMKW13018,K/West,Er. Ravindra Sonawane,Field Engineer (Roads & Pavements),BMC Roads Department,mum_engg
647,MUMKW13019,K/West,Er. Ajit Waghmare,Field Engineer (Roads & Pavements),BMC Roads Department,mum_engg
648,MUMKW13020,K/West,Er. Sambhaji Thorat,Field Engineer (Solid Waste Operations),BMC Solid Waste Management Department,mum_engg
649,MUMKW13021,K/West,Er. Jitendra Bhide,Field Engineer (Solid Waste Operations),BMC Solid Waste Management Department,mum_engg
650,MUMKW13022,K/West,Er. Hemant Bhalerao,Field Engineer (Solid Waste Operations),BMC Solid Waste Management Department,mum_engg
651,MUMKW13023,K/West,Er. Gajanan Malvankar,Field Engineer (Solid Waste Operations),BMC Solid Waste Management Department,mum_engg
652,MUMKW13024,K/West,Er. Dnyaneshwar Patil,Field Engineer (Solid Waste Operations),BMC Solid Waste Management Department,mum_engg
653,MUMKW13025,K/West,Er. Manohar Chaudhari,Field Engineer (Storm Water Drains),BMC Storm Water Drains Department (SWD),mum_engg
654,MUMKW13026,K/West,Er. Vilas Sawant,Field Engineer (Storm Water Drains),BMC Storm Water Drains Department (SWD),mum_engg
655,MUMKW13027,K/West,Er. Vinod Londhe,Field Engineer (Storm Water Drains),BMC Storm Water Drains Department (SWD),mum_engg
656,MUMKW13028,K/West,Er. Sameer Pednekar,Field Engineer (Storm Water Drains),BMC Storm Water Drains Department (SWD),mum_engg
657,MUMKW13029,K/West,Er. Rajendra Dhumal,Field Engineer (Storm Water Drains),BMC Storm Water Drains Department (SWD),mum_engg
658,MUMKW13030,K/West,Er. Deepak Tawde,Field Engineer (Hydraulic / Water Supply),BMC Hydraulic Engineer's Department,mum_engg
659,MUMKW13031,K/West,Er. Ashok Jagdale,Field Engineer (Hydraulic / Water Supply),BMC Hydraulic Engineer's Department,mum_engg
660,MUMKW13032,K/West,Er. Sudhakar Shirodkar,Field Engineer (Hydraulic / Water Supply),BMC Hydraulic Engineer's Department,mum_engg
661,MUMKW13033,K/West,Er. Yogesh More,Field Engineer (Hydraulic / Water Supply),BMC Hydraulic Engineer's Department,mum_engg
662,MUMKW13034,K/West,Er. Sunil Mhatre,Field Engineer (Hydraulic / Water Supply),BMC Hydraulic Engineer's Department,mum_engg
663,MUMKW13035,K/West,Er. Sudhir Shinde,Field Engineer (Gardens & Horticulture),BMC Gardens Department,mum_engg
664,MUMKW13036,K/West,Er. Santosh Kharat,Field Engineer (Gardens & Horticulture),BMC Gardens Department,mum_engg
665,MUMKW13037,K/West,Er. Bhagwan Salvi,Field Engineer (Gardens & Horticulture),BMC Gardens Department,mum_engg
666,MUMKW13038,K/West,Er. Vivek Suryavanshi,Field Engineer (Gardens & Horticulture),BMC Gardens Department,mum_engg
667,MUMKW13039,K/West,Er. Arun Parab,Field Engineer (Gardens & Horticulture),BMC Gardens Department,mum_engg
668,MUMKW13040,K/West,Er. Dattatray Kute,Field Engineer (Sewerage Networks),BMC Sewerage Operations Department,mum_engg
669,MUMKW13041,K/West,Er. Baban Pardeshi,Field Engineer (Sewerage Networks),BMC Sewerage Operations Department,mum_engg
670,MUMKW13042,K/West,Er. Bhalchandra Jadhav,Field Engineer (Sewerage Networks),BMC Sewerage Operations Department,mum_engg
671,MUMKW13043,K/West,Er. Vijay Gharat,Field Engineer (Sewerage Networks),BMC Sewerage Operations Department,mum_engg
672,MUMKW13044,K/West,Er. Chandrashekhar Pawar,Field Engineer (Sewerage Networks),BMC Sewerage Operations Department,mum_engg
673,MUML014010,L,Er. Amol Sutar,Field Engineer (Mechanical & Electrical),BMC Mechanical & Electrical Department,mum_engg
674,MUML014011,L,Er. Kiran Gore,Field Engineer (Mechanical & Electrical),BMC Mechanical & Electrical Department,mum_engg
675,MUML014012,L,Er. Ganesh Vichare,Field Engineer (Mechanical & Electrical),BMC Mechanical & Electrical Department,mum_engg
676,MUML014013,L,Er. Milind Kulkarni,Field Engineer (Mechanical & Electrical),BMC Mechanical & Electrical Department,mum_engg
677,MUML014014,L,Er. Vasant Kokate,Field Engineer (Mechanical & Electrical),BMC Mechanical & Electrical Department,mum_engg
678,MUML014015,L,Er. Swapnil Mandlik,Field Engineer (Roads & Pavements),BMC Roads Department,mum_engg
679,MUML014016,L,Er. Anil Kadam,Field Engineer (Roads & Pavements),BMC Roads Department,mum_engg
680,MUML014017,L,Er. Sandip Khopkar,Field Engineer (Roads & Pavements),BMC Roads Department,mum_engg
681,MUML014018,L,Er. Avinash Chavan,Field Engineer (Roads & Pavements),BMC Roads Department,mum_engg
682,MUML014019,L,Er. Kishore Raut,Field Engineer (Roads & Pavements),BMC Roads Department,mum_engg
683,MUML014020,L,Er. Rajesh Tambe,Field Engineer (Solid Waste Operations),BMC Solid Waste Management Department,mum_engg
684,MUML014021,L,Er. Sanjay Koli,Field Engineer (Solid Waste Operations),BMC Solid Waste Management Department,mum_engg
685,MUML014022,L,Er. Shashikant Mohite,Field Engineer (Solid Waste Operations),BMC Solid Waste Management Department,mum_engg
686,MUML014023,L,Er. Eknath Mane,Field Engineer (Solid Waste Operations),BMC Solid Waste Management Department,mum_engg
687,MUML014024,L,Er. Siddharth Gokhale,Field Engineer (Solid Waste Operations),BMC Solid Waste Management Department,mum_engg
688,MUML014025,L,Er. Manoj Gharpure,Field Engineer (Storm Water Drains),BMC Storm Water Drains Department (SWD),mum_engg
689,MUML014026,L,Er. Jayant Narvekar,Field Engineer (Storm Water Drains),BMC Storm Water Drains Department (SWD),mum_engg
690,MUML014027,L,Er. Chetan Gaikwad,Field Engineer (Storm Water Drains),BMC Storm Water Drains Department (SWD),mum_engg
691,MUML014028,L,Er. Shirish Thakur,Field Engineer (Storm Water Drains),BMC Storm Water Drains Department (SWD),mum_engg
692,MUML014029,L,Er. Sachin Kamble,Field Engineer (Storm Water Drains),BMC Storm Water Drains Department (SWD),mum_engg
693,MUML014030,L,Er. Satish Gholap,Field Engineer (Hydraulic / Water Supply),BMC Hydraulic Engineer's Department,mum_engg
694,MUML014031,L,Er. Tushar Solanki,Field Engineer (Hydraulic / Water Supply),BMC Hydraulic Engineer's Department,mum_engg
695,MUML014032,L,Er. Mangesh Bandal,Field Engineer (Hydraulic / Water Supply),BMC Hydraulic Engineer's Department,mum_engg
696,MUML014033,L,Er. Mahesh Rane,Field Engineer (Hydraulic / Water Supply),BMC Hydraulic Engineer's Department,mum_engg
697,MUML014034,L,Er. Kishor Wani,Field Engineer (Hydraulic / Water Supply),BMC Hydraulic Engineer's Department,mum_engg
698,MUML014035,L,Er. Devendra Vaidya,Field Engineer (Gardens & Horticulture),BMC Gardens Department,mum_engg
699,MUML014036,L,Er. Umesh Deshmukh,Field Engineer (Gardens & Horticulture),BMC Gardens Department,mum_engg
700,MUML014037,L,Er. Prakash Bhoir,Field Engineer (Gardens & Horticulture),BMC Gardens Department,mum_engg
701,MUML014038,L,Er. Ramesh Bhosle,Field Engineer (Gardens & Horticulture),BMC Gardens Department,mum_engg
702,MUML014039,L,Er. Shrikant Sonawane,Field Engineer (Gardens & Horticulture),BMC Gardens Department,mum_engg
703,MUML014040,L,Er. Tanaji Waghmare,Field Engineer (Sewerage Networks),BMC Sewerage Operations Department,mum_engg
704,MUML014041,L,Er. Bhupesh Thorat,Field Engineer (Sewerage Networks),BMC Sewerage Operations Department,mum_engg
705,MUML014042,L,Er. Pradeep Bhide,Field Engineer (Sewerage Networks),BMC Sewerage Operations Department,mum_engg
706,MUML014043,L,Er. Pandurang Bhalerao,Field Engineer (Sewerage Networks),BMC Sewerage Operations Department,mum_engg
707,MUML014044,L,Er. Kailas Malvankar,Field Engineer (Sewerage Networks),BMC Sewerage Operations Department,mum_engg
708,MUMME15010,M/East,Er. Girish Patil,Field Engineer (Mechanical & Electrical),BMC Mechanical & Electrical Department,mum_engg
709,MUMME15011,M/East,Er. Nitin Chaudhari,Field Engineer (Mechanical & Electrical),BMC Mechanical & Electrical Department,mum_engg
710,MUMME15012,M/East,Er. Prashant Sawant,Field Engineer (Mechanical & Electrical),BMC Mechanical & Electrical Department,mum_engg
711,MUMME15013,M/East,Er. Rohit Londhe,Field Engineer (Mechanical & Electrical),BMC Mechanical & Electrical Department,mum_engg
712,MUMME15014,M/East,Er. Abhay Pednekar,Field Engineer (Mechanical & Electrical),BMC Mechanical & Electrical Department,mum_engg
713,MUMME15015,M/East,Er. Dilip Dhumal,Field Engineer (Roads & Pavements),BMC Roads Department,mum_engg
714,MUMME15016,M/East,Er. Subhash Tawde,Field Engineer (Roads & Pavements),BMC Roads Department,mum_engg
715,MUMME15017,M/East,Er. Pramod Jagdale,Field Engineer (Roads & Pavements),BMC Roads Department,mum_engg
716,MUMME15018,M/East,Er. Atul Shirodkar,Field Engineer (Roads & Pavements),BMC Roads Department,mum_engg
717,MUMME15019,M/East,Er. Suresh More,Field Engineer (Roads & Pavements),BMC Roads Department,mum_engg
718,MUMME15020,M/East,Er. Ravindra Mhatre,Field Engineer (Solid Waste Operations),BMC Solid Waste Management Department,mum_engg
719,MUMME15021,M/East,Er. Ajit Shinde,Field Engineer (Solid Waste Operations),BMC Solid Waste Management Department,mum_engg
720,MUMME15022,M/East,Er. Sambhaji Kharat,Field Engineer (Solid Waste Operations),BMC Solid Waste Management Department,mum_engg
721,MUMME15023,M/East,Er. Jitendra Salvi,Field Engineer (Solid Waste Operations),BMC Solid Waste Management Department,mum_engg
722,MUMME15024,M/East,Er. Hemant Suryavanshi,Field Engineer (Solid Waste Operations),BMC Solid Waste Management Department,mum_engg
723,MUMME15025,M/East,Er. Gajanan Parab,Field Engineer (Storm Water Drains),BMC Storm Water Drains Department (SWD),mum_engg
724,MUMME15026,M/East,Er. Dnyaneshwar Kute,Field Engineer (Storm Water Drains),BMC Storm Water Drains Department (SWD),mum_engg
725,MUMME15027,M/East,Er. Manohar Pardeshi,Field Engineer (Storm Water Drains),BMC Storm Water Drains Department (SWD),mum_engg
726,MUMME15028,M/East,Er. Vilas Jadhav,Field Engineer (Storm Water Drains),BMC Storm Water Drains Department (SWD),mum_engg
727,MUMME15029,M/East,Er. Vinod Gharat,Field Engineer (Storm Water Drains),BMC Storm Water Drains Department (SWD),mum_engg
728,MUMME15030,M/East,Er. Sameer Pawar,Field Engineer (Hydraulic / Water Supply),BMC Hydraulic Engineer's Department,mum_engg
729,MUMME15031,M/East,Er. Rajendra Sutar,Field Engineer (Hydraulic / Water Supply),BMC Hydraulic Engineer's Department,mum_engg
730,MUMME15032,M/East,Er. Deepak Gore,Field Engineer (Hydraulic / Water Supply),BMC Hydraulic Engineer's Department,mum_engg
731,MUMME15033,M/East,Er. Ashok Vichare,Field Engineer (Hydraulic / Water Supply),BMC Hydraulic Engineer's Department,mum_engg
732,MUMME15034,M/East,Er. Sudhakar Kulkarni,Field Engineer (Hydraulic / Water Supply),BMC Hydraulic Engineer's Department,mum_engg
733,MUMME15035,M/East,Er. Yogesh Kokate,Field Engineer (Gardens & Horticulture),BMC Gardens Department,mum_engg
734,MUMME15036,M/East,Er. Sunil Mandlik,Field Engineer (Gardens & Horticulture),BMC Gardens Department,mum_engg
735,MUMME15037,M/East,Er. Sudhir Kadam,Field Engineer (Gardens & Horticulture),BMC Gardens Department,mum_engg
736,MUMME15038,M/East,Er. Santosh Khopkar,Field Engineer (Gardens & Horticulture),BMC Gardens Department,mum_engg
737,MUMME15039,M/East,Er. Bhagwan Chavan,Field Engineer (Gardens & Horticulture),BMC Gardens Department,mum_engg
738,MUMME15040,M/East,Er. Vivek Raut,Field Engineer (Sewerage Networks),BMC Sewerage Operations Department,mum_engg
739,MUMME15041,M/East,Er. Arun Tambe,Field Engineer (Sewerage Networks),BMC Sewerage Operations Department,mum_engg
740,MUMME15042,M/East,Er. Dattatray Koli,Field Engineer (Sewerage Networks),BMC Sewerage Operations Department,mum_engg
741,MUMME15043,M/East,Er. Baban Mohite,Field Engineer (Sewerage Networks),BMC Sewerage Operations Department,mum_engg
742,MUMME15044,M/East,Er. Bhalchandra Mane,Field Engineer (Sewerage Networks),BMC Sewerage Operations Department,mum_engg
743,MUMMW16010,M/West,Er. Vijay Gokhale,Field Engineer (Mechanical & Electrical),BMC Mechanical & Electrical Department,mum_engg
744,MUMMW16011,M/West,Er. Chandrashekhar Gharpure,Field Engineer (Mechanical & Electrical),BMC Mechanical & Electrical Department,mum_engg
745,MUMMW16012,M/West,Er. Amol Narvekar,Field Engineer (Mechanical & Electrical),BMC Mechanical & Electrical Department,mum_engg
746,MUMMW16013,M/West,Er. Kiran Gaikwad,Field Engineer (Mechanical & Electrical),BMC Mechanical & Electrical Department,mum_engg
747,MUMMW16014,M/West,Er. Ganesh Thakur,Field Engineer (Mechanical & Electrical),BMC Mechanical & Electrical Department,mum_engg
748,MUMMW16015,M/West,Er. Milind Kamble,Field Engineer (Roads & Pavements),BMC Roads Department,mum_engg
749,MUMMW16016,M/West,Er. Vasant Gholap,Field Engineer (Roads & Pavements),BMC Roads Department,mum_engg
750,MUMMW16017,M/West,Er. Swapnil Solanki,Field Engineer (Roads & Pavements),BMC Roads Department,mum_engg
751,MUMMW16018,M/West,Er. Anil Bandal,Field Engineer (Roads & Pavements),BMC Roads Department,mum_engg
752,MUMMW16019,M/West,Er. Sandip Rane,Field Engineer (Roads & Pavements),BMC Roads Department,mum_engg
753,MUMMW16020,M/West,Er. Avinash Wani,Field Engineer (Solid Waste Operations),BMC Solid Waste Management Department,mum_engg
754,MUMMW16021,M/West,Er. Kishore Vaidya,Field Engineer (Solid Waste Operations),BMC Solid Waste Management Department,mum_engg
755,MUMMW16022,M/West,Er. Rajesh Deshmukh,Field Engineer (Solid Waste Operations),BMC Solid Waste Management Department,mum_engg
756,MUMMW16023,M/West,Er. Sanjay Bhoir,Field Engineer (Solid Waste Operations),BMC Solid Waste Management Department,mum_engg
757,MUMMW16024,M/West,Er. Shashikant Bhosle,Field Engineer (Solid Waste Operations),BMC Solid Waste Management Department,mum_engg
758,MUMMW16025,M/West,Er. Eknath Sonawane,Field Engineer (Storm Water Drains),BMC Storm Water Drains Department (SWD),mum_engg
759,MUMMW16026,M/West,Er. Siddharth Waghmare,Field Engineer (Storm Water Drains),BMC Storm Water Drains Department (SWD),mum_engg
760,MUMMW16027,M/West,Er. Manoj Thorat,Field Engineer (Storm Water Drains),BMC Storm Water Drains Department (SWD),mum_engg
761,MUMMW16028,M/West,Er. Jayant Bhide,Field Engineer (Storm Water Drains),BMC Storm Water Drains Department (SWD),mum_engg
762,MUMMW16029,M/West,Er. Chetan Bhalerao,Field Engineer (Storm Water Drains),BMC Storm Water Drains Department (SWD),mum_engg
763,MUMMW16030,M/West,Er. Shirish Malvankar,Field Engineer (Hydraulic / Water Supply),BMC Hydraulic Engineer's Department,mum_engg
764,MUMMW16031,M/West,Er. Sachin Patil,Field Engineer (Hydraulic / Water Supply),BMC Hydraulic Engineer's Department,mum_engg
765,MUMMW16032,M/West,Er. Satish Chaudhari,Field Engineer (Hydraulic / Water Supply),BMC Hydraulic Engineer's Department,mum_engg
766,MUMMW16033,M/West,Er. Tushar Sawant,Field Engineer (Hydraulic / Water Supply),BMC Hydraulic Engineer's Department,mum_engg
767,MUMMW16034,M/West,Er. Mangesh Londhe,Field Engineer (Hydraulic / Water Supply),BMC Hydraulic Engineer's Department,mum_engg
768,MUMMW16035,M/West,Er. Mahesh Pednekar,Field Engineer (Gardens & Horticulture),BMC Gardens Department,mum_engg
769,MUMMW16036,M/West,Er. Kishor Dhumal,Field Engineer (Gardens & Horticulture),BMC Gardens Department,mum_engg
770,MUMMW16037,M/West,Er. Devendra Tawde,Field Engineer (Gardens & Horticulture),BMC Gardens Department,mum_engg
771,MUMMW16038,M/West,Er. Umesh Jagdale,Field Engineer (Gardens & Horticulture),BMC Gardens Department,mum_engg
772,MUMMW16039,M/West,Er. Prakash Shirodkar,Field Engineer (Gardens & Horticulture),BMC Gardens Department,mum_engg
773,MUMMW16040,M/West,Er. Ramesh More,Field Engineer (Sewerage Networks),BMC Sewerage Operations Department,mum_engg
774,MUMMW16041,M/West,Er. Shrikant Mhatre,Field Engineer (Sewerage Networks),BMC Sewerage Operations Department,mum_engg
775,MUMMW16042,M/West,Er. Tanaji Shinde,Field Engineer (Sewerage Networks),BMC Sewerage Operations Department,mum_engg
776,MUMMW16043,M/West,Er. Bhupesh Kharat,Field Engineer (Sewerage Networks),BMC Sewerage Operations Department,mum_engg
777,MUMMW16044,M/West,Er. Pradeep Salvi,Field Engineer (Sewerage Networks),BMC Sewerage Operations Department,mum_engg
778,MUMN017010,N,Er. Pandurang Suryavanshi,Field Engineer (Mechanical & Electrical),BMC Mechanical & Electrical Department,mum_engg
779,MUMN017011,N,Er. Kailas Parab,Field Engineer (Mechanical & Electrical),BMC Mechanical & Electrical Department,mum_engg
780,MUMN017012,N,Er. Girish Kute,Field Engineer (Mechanical & Electrical),BMC Mechanical & Electrical Department,mum_engg
781,MUMN017013,N,Er. Nitin Pardeshi,Field Engineer (Mechanical & Electrical),BMC Mechanical & Electrical Department,mum_engg
782,MUMN017014,N,Er. Prashant Jadhav,Field Engineer (Mechanical & Electrical),BMC Mechanical & Electrical Department,mum_engg
783,MUMN017015,N,Er. Rohit Gharat,Field Engineer (Roads & Pavements),BMC Roads Department,mum_engg
784,MUMN017016,N,Er. Abhay Pawar,Field Engineer (Roads & Pavements),BMC Roads Department,mum_engg
785,MUMN017017,N,Er. Dilip Sutar,Field Engineer (Roads & Pavements),BMC Roads Department,mum_engg
786,MUMN017018,N,Er. Subhash Gore,Field Engineer (Roads & Pavements),BMC Roads Department,mum_engg
787,MUMN017019,N,Er. Pramod Vichare,Field Engineer (Roads & Pavements),BMC Roads Department,mum_engg
788,MUMN017020,N,Er. Atul Kulkarni,Field Engineer (Solid Waste Operations),BMC Solid Waste Management Department,mum_engg
789,MUMN017021,N,Er. Suresh Kokate,Field Engineer (Solid Waste Operations),BMC Solid Waste Management Department,mum_engg
790,MUMN017022,N,Er. Ravindra Mandlik,Field Engineer (Solid Waste Operations),BMC Solid Waste Management Department,mum_engg
791,MUMN017023,N,Er. Ajit Kadam,Field Engineer (Solid Waste Operations),BMC Solid Waste Management Department,mum_engg
792,MUMN017024,N,Er. Sambhaji Khopkar,Field Engineer (Solid Waste Operations),BMC Solid Waste Management Department,mum_engg
793,MUMN017025,N,Er. Jitendra Chavan,Field Engineer (Storm Water Drains),BMC Storm Water Drains Department (SWD),mum_engg
794,MUMN017026,N,Er. Hemant Raut,Field Engineer (Storm Water Drains),BMC Storm Water Drains Department (SWD),mum_engg
795,MUMN017027,N,Er. Gajanan Tambe,Field Engineer (Storm Water Drains),BMC Storm Water Drains Department (SWD),mum_engg
796,MUMN017028,N,Er. Dnyaneshwar Koli,Field Engineer (Storm Water Drains),BMC Storm Water Drains Department (SWD),mum_engg
797,MUMN017029,N,Er. Manohar Mohite,Field Engineer (Storm Water Drains),BMC Storm Water Drains Department (SWD),mum_engg
798,MUMN017030,N,Er. Vilas Mane,Field Engineer (Hydraulic / Water Supply),BMC Hydraulic Engineer's Department,mum_engg
799,MUMN017031,N,Er. Vinod Gokhale,Field Engineer (Hydraulic / Water Supply),BMC Hydraulic Engineer's Department,mum_engg
800,MUMN017032,N,Er. Sameer Gharpure,Field Engineer (Hydraulic / Water Supply),BMC Hydraulic Engineer's Department,mum_engg
801,MUMN017033,N,Er. Rajendra Narvekar,Field Engineer (Hydraulic / Water Supply),BMC Hydraulic Engineer's Department,mum_engg
802,MUMN017034,N,Er. Deepak Gaikwad,Field Engineer (Hydraulic / Water Supply),BMC Hydraulic Engineer's Department,mum_engg
803,MUMN017035,N,Er. Ashok Thakur,Field Engineer (Gardens & Horticulture),BMC Gardens Department,mum_engg
804,MUMN017036,N,Er. Sudhakar Kamble,Field Engineer (Gardens & Horticulture),BMC Gardens Department,mum_engg
805,MUMN017037,N,Er. Yogesh Gholap,Field Engineer (Gardens & Horticulture),BMC Gardens Department,mum_engg
806,MUMN017038,N,Er. Sunil Solanki,Field Engineer (Gardens & Horticulture),BMC Gardens Department,mum_engg
807,MUMN017039,N,Er. Sudhir Bandal,Field Engineer (Gardens & Horticulture),BMC Gardens Department,mum_engg
808,MUMN017040,N,Er. Santosh Rane,Field Engineer (Sewerage Networks),BMC Sewerage Operations Department,mum_engg
809,MUMN017041,N,Er. Bhagwan Wani,Field Engineer (Sewerage Networks),BMC Sewerage Operations Department,mum_engg
810,MUMN017042,N,Er. Vivek Vaidya,Field Engineer (Sewerage Networks),BMC Sewerage Operations Department,mum_engg
811,MUMN017043,N,Er. Arun Deshmukh,Field Engineer (Sewerage Networks),BMC Sewerage Operations Department,mum_engg
812,MUMN017044,N,Er. Dattatray Bhoir,Field Engineer (Sewerage Networks),BMC Sewerage Operations Department,mum_engg
813,MUMPN18010,P/North,Er. Baban Bhosle,Field Engineer (Mechanical & Electrical),BMC Mechanical & Electrical Department,mum_engg
814,MUMPN18011,P/North,Er. Bhalchandra Sonawane,Field Engineer (Mechanical & Electrical),BMC Mechanical & Electrical Department,mum_engg
815,MUMPN18012,P/North,Er. Vijay Waghmare,Field Engineer (Mechanical & Electrical),BMC Mechanical & Electrical Department,mum_engg
816,MUMPN18013,P/North,Er. Chandrashekhar Thorat,Field Engineer (Mechanical & Electrical),BMC Mechanical & Electrical Department,mum_engg
817,MUMPN18014,P/North,Er. Amol Bhide,Field Engineer (Mechanical & Electrical),BMC Mechanical & Electrical Department,mum_engg
818,MUMPN18015,P/North,Er. Kiran Bhalerao,Field Engineer (Roads & Pavements),BMC Roads Department,mum_engg
819,MUMPN18016,P/North,Er. Ganesh Malvankar,Field Engineer (Roads & Pavements),BMC Roads Department,mum_engg
820,MUMPN18017,P/North,Er. Milind Patil,Field Engineer (Roads & Pavements),BMC Roads Department,mum_engg
821,MUMPN18018,P/North,Er. Vasant Chaudhari,Field Engineer (Roads & Pavements),BMC Roads Department,mum_engg
822,MUMPN18019,P/North,Er. Swapnil Sawant,Field Engineer (Roads & Pavements),BMC Roads Department,mum_engg
823,MUMPN18020,P/North,Er. Anil Londhe,Field Engineer (Solid Waste Operations),BMC Solid Waste Management Department,mum_engg
824,MUMPN18021,P/North,Er. Sandip Pednekar,Field Engineer (Solid Waste Operations),BMC Solid Waste Management Department,mum_engg
825,MUMPN18022,P/North,Er. Avinash Dhumal,Field Engineer (Solid Waste Operations),BMC Solid Waste Management Department,mum_engg
826,MUMPN18023,P/North,Er. Kishore Tawde,Field Engineer (Solid Waste Operations),BMC Solid Waste Management Department,mum_engg
827,MUMPN18024,P/North,Er. Rajesh Jagdale,Field Engineer (Solid Waste Operations),BMC Solid Waste Management Department,mum_engg
828,MUMPN18025,P/North,Er. Sanjay Shirodkar,Field Engineer (Storm Water Drains),BMC Storm Water Drains Department (SWD),mum_engg
829,MUMPN18026,P/North,Er. Shashikant More,Field Engineer (Storm Water Drains),BMC Storm Water Drains Department (SWD),mum_engg
830,MUMPN18027,P/North,Er. Eknath Mhatre,Field Engineer (Storm Water Drains),BMC Storm Water Drains Department (SWD),mum_engg
831,MUMPN18028,P/North,Er. Siddharth Shinde,Field Engineer (Storm Water Drains),BMC Storm Water Drains Department (SWD),mum_engg
832,MUMPN18029,P/North,Er. Manoj Kharat,Field Engineer (Storm Water Drains),BMC Storm Water Drains Department (SWD),mum_engg
833,MUMPN18030,P/North,Er. Jayant Salvi,Field Engineer (Hydraulic / Water Supply),BMC Hydraulic Engineer's Department,mum_engg
834,MUMPN18031,P/North,Er. Chetan Suryavanshi,Field Engineer (Hydraulic / Water Supply),BMC Hydraulic Engineer's Department,mum_engg
835,MUMPN18032,P/North,Er. Shirish Parab,Field Engineer (Hydraulic / Water Supply),BMC Hydraulic Engineer's Department,mum_engg
836,MUMPN18033,P/North,Er. Sachin Kute,Field Engineer (Hydraulic / Water Supply),BMC Hydraulic Engineer's Department,mum_engg
837,MUMPN18034,P/North,Er. Satish Pardeshi,Field Engineer (Hydraulic / Water Supply),BMC Hydraulic Engineer's Department,mum_engg
838,MUMPN18035,P/North,Er. Tushar Jadhav,Field Engineer (Gardens & Horticulture),BMC Gardens Department,mum_engg
839,MUMPN18036,P/North,Er. Mangesh Gharat,Field Engineer (Gardens & Horticulture),BMC Gardens Department,mum_engg
840,MUMPN18037,P/North,Er. Mahesh Pawar,Field Engineer (Gardens & Horticulture),BMC Gardens Department,mum_engg
841,MUMPN18038,P/North,Er. Kishor Sutar,Field Engineer (Gardens & Horticulture),BMC Gardens Department,mum_engg
842,MUMPN18039,P/North,Er. Devendra Gore,Field Engineer (Gardens & Horticulture),BMC Gardens Department,mum_engg
843,MUMPN18040,P/North,Er. Umesh Vichare,Field Engineer (Sewerage Networks),BMC Sewerage Operations Department,mum_engg
844,MUMPN18041,P/North,Er. Prakash Kulkarni,Field Engineer (Sewerage Networks),BMC Sewerage Operations Department,mum_engg
845,MUMPN18042,P/North,Er. Ramesh Kokate,Field Engineer (Sewerage Networks),BMC Sewerage Operations Department,mum_engg
846,MUMPN18043,P/North,Er. Shrikant Mandlik,Field Engineer (Sewerage Networks),BMC Sewerage Operations Department,mum_engg
847,MUMPN18044,P/North,Er. Tanaji Kadam,Field Engineer (Sewerage Networks),BMC Sewerage Operations Department,mum_engg
848,MUMPS19010,P/South,Er. Bhupesh Khopkar,Field Engineer (Mechanical & Electrical),BMC Mechanical & Electrical Department,mum_engg
849,MUMPS19011,P/South,Er. Pradeep Chavan,Field Engineer (Mechanical & Electrical),BMC Mechanical & Electrical Department,mum_engg
850,MUMPS19012,P/South,Er. Pandurang Raut,Field Engineer (Mechanical & Electrical),BMC Mechanical & Electrical Department,mum_engg
851,MUMPS19013,P/South,Er. Kailas Tambe,Field Engineer (Mechanical & Electrical),BMC Mechanical & Electrical Department,mum_engg
852,MUMPS19014,P/South,Er. Girish Koli,Field Engineer (Mechanical & Electrical),BMC Mechanical & Electrical Department,mum_engg
853,MUMPS19015,P/South,Er. Nitin Mohite,Field Engineer (Roads & Pavements),BMC Roads Department,mum_engg
854,MUMPS19016,P/South,Er. Prashant Mane,Field Engineer (Roads & Pavements),BMC Roads Department,mum_engg
855,MUMPS19017,P/South,Er. Rohit Gokhale,Field Engineer (Roads & Pavements),BMC Roads Department,mum_engg
856,MUMPS19018,P/South,Er. Abhay Gharpure,Field Engineer (Roads & Pavements),BMC Roads Department,mum_engg
857,MUMPS19019,P/South,Er. Dilip Narvekar,Field Engineer (Roads & Pavements),BMC Roads Department,mum_engg
858,MUMPS19020,P/South,Er. Subhash Gaikwad,Field Engineer (Solid Waste Operations),BMC Solid Waste Management Department,mum_engg
859,MUMPS19021,P/South,Er. Pramod Thakur,Field Engineer (Solid Waste Operations),BMC Solid Waste Management Department,mum_engg
860,MUMPS19022,P/South,Er. Atul Kamble,Field Engineer (Solid Waste Operations),BMC Solid Waste Management Department,mum_engg
861,MUMPS19023,P/South,Er. Suresh Gholap,Field Engineer (Solid Waste Operations),BMC Solid Waste Management Department,mum_engg
862,MUMPS19024,P/South,Er. Ravindra Solanki,Field Engineer (Solid Waste Operations),BMC Solid Waste Management Department,mum_engg
863,MUMPS19025,P/South,Er. Ajit Bandal,Field Engineer (Storm Water Drains),BMC Storm Water Drains Department (SWD),mum_engg
864,MUMPS19026,P/South,Er. Sambhaji Rane,Field Engineer (Storm Water Drains),BMC Storm Water Drains Department (SWD),mum_engg
865,MUMPS19027,P/South,Er. Jitendra Wani,Field Engineer (Storm Water Drains),BMC Storm Water Drains Department (SWD),mum_engg
866,MUMPS19028,P/South,Er. Hemant Vaidya,Field Engineer (Storm Water Drains),BMC Storm Water Drains Department (SWD),mum_engg
867,MUMPS19029,P/South,Er. Gajanan Deshmukh,Field Engineer (Storm Water Drains),BMC Storm Water Drains Department (SWD),mum_engg
868,MUMPS19030,P/South,Er. Dnyaneshwar Bhoir,Field Engineer (Hydraulic / Water Supply),BMC Hydraulic Engineer's Department,mum_engg
869,MUMPS19031,P/South,Er. Manohar Bhosle,Field Engineer (Hydraulic / Water Supply),BMC Hydraulic Engineer's Department,mum_engg
870,MUMPS19032,P/South,Er. Vilas Sonawane,Field Engineer (Hydraulic / Water Supply),BMC Hydraulic Engineer's Department,mum_engg
871,MUMPS19033,P/South,Er. Vinod Waghmare,Field Engineer (Hydraulic / Water Supply),BMC Hydraulic Engineer's Department,mum_engg
872,MUMPS19034,P/South,Er. Sameer Thorat,Field Engineer (Hydraulic / Water Supply),BMC Hydraulic Engineer's Department,mum_engg
873,MUMPS19035,P/South,Er. Rajendra Bhide,Field Engineer (Gardens & Horticulture),BMC Gardens Department,mum_engg
874,MUMPS19036,P/South,Er. Deepak Bhalerao,Field Engineer (Gardens & Horticulture),BMC Gardens Department,mum_engg
875,MUMPS19037,P/South,Er. Ashok Malvankar,Field Engineer (Gardens & Horticulture),BMC Gardens Department,mum_engg
876,MUMPS19038,P/South,Er. Sudhakar Patil,Field Engineer (Gardens & Horticulture),BMC Gardens Department,mum_engg
877,MUMPS19039,P/South,Er. Yogesh Chaudhari,Field Engineer (Gardens & Horticulture),BMC Gardens Department,mum_engg
878,MUMPS19040,P/South,Er. Sunil Sawant,Field Engineer (Sewerage Networks),BMC Sewerage Operations Department,mum_engg
879,MUMPS19041,P/South,Er. Sudhir Londhe,Field Engineer (Sewerage Networks),BMC Sewerage Operations Department,mum_engg
880,MUMPS19042,P/South,Er. Santosh Pednekar,Field Engineer (Sewerage Networks),BMC Sewerage Operations Department,mum_engg
881,MUMPS19043,P/South,Er. Bhagwan Dhumal,Field Engineer (Sewerage Networks),BMC Sewerage Operations Department,mum_engg
882,MUMPS19044,P/South,Er. Vivek Tawde,Field Engineer (Sewerage Networks),BMC Sewerage Operations Department,mum_engg
883,MUMRC20010,R/Central,Er. Arun Jagdale,Field Engineer (Mechanical & Electrical),BMC Mechanical & Electrical Department,mum_engg
884,MUMRC20011,R/Central,Er. Dattatray Shirodkar,Field Engineer (Mechanical & Electrical),BMC Mechanical & Electrical Department,mum_engg
885,MUMRC20012,R/Central,Er. Baban More,Field Engineer (Mechanical & Electrical),BMC Mechanical & Electrical Department,mum_engg
886,MUMRC20013,R/Central,Er. Bhalchandra Mhatre,Field Engineer (Mechanical & Electrical),BMC Mechanical & Electrical Department,mum_engg
887,MUMRC20014,R/Central,Er. Vijay Shinde,Field Engineer (Mechanical & Electrical),BMC Mechanical & Electrical Department,mum_engg
888,MUMRC20015,R/Central,Er. Chandrashekhar Kharat,Field Engineer (Roads & Pavements),BMC Roads Department,mum_engg
889,MUMRC20016,R/Central,Er. Amol Salvi,Field Engineer (Roads & Pavements),BMC Roads Department,mum_engg
890,MUMRC20017,R/Central,Er. Kiran Suryavanshi,Field Engineer (Roads & Pavements),BMC Roads Department,mum_engg
891,MUMRC20018,R/Central,Er. Ganesh Parab,Field Engineer (Roads & Pavements),BMC Roads Department,mum_engg
892,MUMRC20019,R/Central,Er. Milind Kute,Field Engineer (Roads & Pavements),BMC Roads Department,mum_engg
893,MUMRC20020,R/Central,Er. Vasant Pardeshi,Field Engineer (Solid Waste Operations),BMC Solid Waste Management Department,mum_engg
894,MUMRC20021,R/Central,Er. Swapnil Jadhav,Field Engineer (Solid Waste Operations),BMC Solid Waste Management Department,mum_engg
895,MUMRC20022,R/Central,Er. Anil Gharat,Field Engineer (Solid Waste Operations),BMC Solid Waste Management Department,mum_engg
896,MUMRC20023,R/Central,Er. Sandip Pawar,Field Engineer (Solid Waste Operations),BMC Solid Waste Management Department,mum_engg
897,MUMRC20024,R/Central,Er. Avinash Sutar,Field Engineer (Solid Waste Operations),BMC Solid Waste Management Department,mum_engg
898,MUMRC20025,R/Central,Er. Kishore Gore,Field Engineer (Storm Water Drains),BMC Storm Water Drains Department (SWD),mum_engg
899,MUMRC20026,R/Central,Er. Rajesh Vichare,Field Engineer (Storm Water Drains),BMC Storm Water Drains Department (SWD),mum_engg
900,MUMRC20027,R/Central,Er. Sanjay Kulkarni,Field Engineer (Storm Water Drains),BMC Storm Water Drains Department (SWD),mum_engg
901,MUMRC20028,R/Central,Er. Shashikant Kokate,Field Engineer (Storm Water Drains),BMC Storm Water Drains Department (SWD),mum_engg
902,MUMRC20029,R/Central,Er. Eknath Mandlik,Field Engineer (Storm Water Drains),BMC Storm Water Drains Department (SWD),mum_engg
903,MUMRC20030,R/Central,Er. Siddharth Kadam,Field Engineer (Hydraulic / Water Supply),BMC Hydraulic Engineer's Department,mum_engg
904,MUMRC20031,R/Central,Er. Manoj Khopkar,Field Engineer (Hydraulic / Water Supply),BMC Hydraulic Engineer's Department,mum_engg
905,MUMRC20032,R/Central,Er. Jayant Chavan,Field Engineer (Hydraulic / Water Supply),BMC Hydraulic Engineer's Department,mum_engg
906,MUMRC20033,R/Central,Er. Chetan Raut,Field Engineer (Hydraulic / Water Supply),BMC Hydraulic Engineer's Department,mum_engg
907,MUMRC20034,R/Central,Er. Shirish Tambe,Field Engineer (Hydraulic / Water Supply),BMC Hydraulic Engineer's Department,mum_engg
908,MUMRC20035,R/Central,Er. Sachin Koli,Field Engineer (Gardens & Horticulture),BMC Gardens Department,mum_engg
909,MUMRC20036,R/Central,Er. Satish Mohite,Field Engineer (Gardens & Horticulture),BMC Gardens Department,mum_engg
910,MUMRC20037,R/Central,Er. Tushar Mane,Field Engineer (Gardens & Horticulture),BMC Gardens Department,mum_engg
911,MUMRC20038,R/Central,Er. Mangesh Gokhale,Field Engineer (Gardens & Horticulture),BMC Gardens Department,mum_engg
912,MUMRC20039,R/Central,Er. Mahesh Gharpure,Field Engineer (Gardens & Horticulture),BMC Gardens Department,mum_engg
913,MUMRC20040,R/Central,Er. Kishor Narvekar,Field Engineer (Sewerage Networks),BMC Sewerage Operations Department,mum_engg
914,MUMRC20041,R/Central,Er. Devendra Gaikwad,Field Engineer (Sewerage Networks),BMC Sewerage Operations Department,mum_engg
915,MUMRC20042,R/Central,Er. Umesh Thakur,Field Engineer (Sewerage Networks),BMC Sewerage Operations Department,mum_engg
916,MUMRC20043,R/Central,Er. Prakash Kamble,Field Engineer (Sewerage Networks),BMC Sewerage Operations Department,mum_engg
917,MUMRC20044,R/Central,Er. Ramesh Gholap,Field Engineer (Sewerage Networks),BMC Sewerage Operations Department,mum_engg
918,MUMRN21010,R/North,Er. Shrikant Solanki,Field Engineer (Mechanical & Electrical),BMC Mechanical & Electrical Department,mum_engg
919,MUMRN21011,R/North,Er. Tanaji Bandal,Field Engineer (Mechanical & Electrical),BMC Mechanical & Electrical Department,mum_engg
920,MUMRN21012,R/North,Er. Bhupesh Rane,Field Engineer (Mechanical & Electrical),BMC Mechanical & Electrical Department,mum_engg
921,MUMRN21013,R/North,Er. Pradeep Wani,Field Engineer (Mechanical & Electrical),BMC Mechanical & Electrical Department,mum_engg
922,MUMRN21014,R/North,Er. Pandurang Vaidya,Field Engineer (Mechanical & Electrical),BMC Mechanical & Electrical Department,mum_engg
923,MUMRN21015,R/North,Er. Kailas Deshmukh,Field Engineer (Roads & Pavements),BMC Roads Department,mum_engg
924,MUMRN21016,R/North,Er. Girish Bhoir,Field Engineer (Roads & Pavements),BMC Roads Department,mum_engg
925,MUMRN21017,R/North,Er. Nitin Bhosle,Field Engineer (Roads & Pavements),BMC Roads Department,mum_engg
926,MUMRN21018,R/North,Er. Prashant Sonawane,Field Engineer (Roads & Pavements),BMC Roads Department,mum_engg
927,MUMRN21019,R/North,Er. Rohit Waghmare,Field Engineer (Roads & Pavements),BMC Roads Department,mum_engg
928,MUMRN21020,R/North,Er. Abhay Thorat,Field Engineer (Solid Waste Operations),BMC Solid Waste Management Department,mum_engg
929,MUMRN21021,R/North,Er. Dilip Bhide,Field Engineer (Solid Waste Operations),BMC Solid Waste Management Department,mum_engg
930,MUMRN21022,R/North,Er. Subhash Bhalerao,Field Engineer (Solid Waste Operations),BMC Solid Waste Management Department,mum_engg
931,MUMRN21023,R/North,Er. Pramod Malvankar,Field Engineer (Solid Waste Operations),BMC Solid Waste Management Department,mum_engg
932,MUMRN21024,R/North,Er. Atul Patil,Field Engineer (Solid Waste Operations),BMC Solid Waste Management Department,mum_engg
933,MUMRN21025,R/North,Er. Suresh Chaudhari,Field Engineer (Storm Water Drains),BMC Storm Water Drains Department (SWD),mum_engg
934,MUMRN21026,R/North,Er. Ravindra Sawant,Field Engineer (Storm Water Drains),BMC Storm Water Drains Department (SWD),mum_engg
935,MUMRN21027,R/North,Er. Ajit Londhe,Field Engineer (Storm Water Drains),BMC Storm Water Drains Department (SWD),mum_engg
936,MUMRN21028,R/North,Er. Sambhaji Pednekar,Field Engineer (Storm Water Drains),BMC Storm Water Drains Department (SWD),mum_engg
937,MUMRN21029,R/North,Er. Jitendra Dhumal,Field Engineer (Storm Water Drains),BMC Storm Water Drains Department (SWD),mum_engg
938,MUMRN21030,R/North,Er. Hemant Tawde,Field Engineer (Hydraulic / Water Supply),BMC Hydraulic Engineer's Department,mum_engg
939,MUMRN21031,R/North,Er. Gajanan Jagdale,Field Engineer (Hydraulic / Water Supply),BMC Hydraulic Engineer's Department,mum_engg
940,MUMRN21032,R/North,Er. Dnyaneshwar Shirodkar,Field Engineer (Hydraulic / Water Supply),BMC Hydraulic Engineer's Department,mum_engg
941,MUMRN21033,R/North,Er. Manohar More,Field Engineer (Hydraulic / Water Supply),BMC Hydraulic Engineer's Department,mum_engg
942,MUMRN21034,R/North,Er. Vilas Mhatre,Field Engineer (Hydraulic / Water Supply),BMC Hydraulic Engineer's Department,mum_engg
943,MUMRN21035,R/North,Er. Vinod Shinde,Field Engineer (Gardens & Horticulture),BMC Gardens Department,mum_engg
944,MUMRN21036,R/North,Er. Sameer Kharat,Field Engineer (Gardens & Horticulture),BMC Gardens Department,mum_engg
945,MUMRN21037,R/North,Er. Rajendra Salvi,Field Engineer (Gardens & Horticulture),BMC Gardens Department,mum_engg
946,MUMRN21038,R/North,Er. Deepak Suryavanshi,Field Engineer (Gardens & Horticulture),BMC Gardens Department,mum_engg
947,MUMRN21039,R/North,Er. Ashok Parab,Field Engineer (Gardens & Horticulture),BMC Gardens Department,mum_engg
948,MUMRN21040,R/North,Er. Sudhakar Kute,Field Engineer (Sewerage Networks),BMC Sewerage Operations Department,mum_engg
949,MUMRN21041,R/North,Er. Yogesh Pardeshi,Field Engineer (Sewerage Networks),BMC Sewerage Operations Department,mum_engg
950,MUMRN21042,R/North,Er. Sunil Jadhav,Field Engineer (Sewerage Networks),BMC Sewerage Operations Department,mum_engg
951,MUMRN21043,R/North,Er. Sudhir Gharat,Field Engineer (Sewerage Networks),BMC Sewerage Operations Department,mum_engg
952,MUMRN21044,R/North,Er. Santosh Pawar,Field Engineer (Sewerage Networks),BMC Sewerage Operations Department,mum_engg
953,MUMRS22010,R/South,Er. Bhagwan Sutar,Field Engineer (Mechanical & Electrical),BMC Mechanical & Electrical Department,mum_engg
954,MUMRS22011,R/South,Er. Vivek Gore,Field Engineer (Mechanical & Electrical),BMC Mechanical & Electrical Department,mum_engg
955,MUMRS22012,R/South,Er. Arun Vichare,Field Engineer (Mechanical & Electrical),BMC Mechanical & Electrical Department,mum_engg
956,MUMRS22013,R/South,Er. Dattatray Kulkarni,Field Engineer (Mechanical & Electrical),BMC Mechanical & Electrical Department,mum_engg
957,MUMRS22014,R/South,Er. Baban Kokate,Field Engineer (Mechanical & Electrical),BMC Mechanical & Electrical Department,mum_engg
958,MUMRS22015,R/South,Er. Bhalchandra Mandlik,Field Engineer (Roads & Pavements),BMC Roads Department,mum_engg
959,MUMRS22016,R/South,Er. Vijay Kadam,Field Engineer (Roads & Pavements),BMC Roads Department,mum_engg
960,MUMRS22017,R/South,Er. Chandrashekhar Khopkar,Field Engineer (Roads & Pavements),BMC Roads Department,mum_engg
961,MUMRS22018,R/South,Er. Amol Chavan,Field Engineer (Roads & Pavements),BMC Roads Department,mum_engg
962,MUMRS22019,R/South,Er. Kiran Raut,Field Engineer (Roads & Pavements),BMC Roads Department,mum_engg
963,MUMRS22020,R/South,Er. Ganesh Tambe,Field Engineer (Solid Waste Operations),BMC Solid Waste Management Department,mum_engg
964,MUMRS22021,R/South,Er. Milind Koli,Field Engineer (Solid Waste Operations),BMC Solid Waste Management Department,mum_engg
965,MUMRS22022,R/South,Er. Vasant Mohite,Field Engineer (Solid Waste Operations),BMC Solid Waste Management Department,mum_engg
966,MUMRS22023,R/South,Er. Swapnil Mane,Field Engineer (Solid Waste Operations),BMC Solid Waste Management Department,mum_engg
967,MUMRS22024,R/South,Er. Anil Gokhale,Field Engineer (Solid Waste Operations),BMC Solid Waste Management Department,mum_engg
968,MUMRS22025,R/South,Er. Sandip Gharpure,Field Engineer (Storm Water Drains),BMC Storm Water Drains Department (SWD),mum_engg
969,MUMRS22026,R/South,Er. Avinash Narvekar,Field Engineer (Storm Water Drains),BMC Storm Water Drains Department (SWD),mum_engg
970,MUMRS22027,R/South,Er. Kishore Gaikwad,Field Engineer (Storm Water Drains),BMC Storm Water Drains Department (SWD),mum_engg
971,MUMRS22028,R/South,Er. Rajesh Thakur,Field Engineer (Storm Water Drains),BMC Storm Water Drains Department (SWD),mum_engg
972,MUMRS22029,R/South,Er. Sanjay Kamble,Field Engineer (Storm Water Drains),BMC Storm Water Drains Department (SWD),mum_engg
973,MUMRS22030,R/South,Er. Shashikant Gholap,Field Engineer (Hydraulic / Water Supply),BMC Hydraulic Engineer's Department,mum_engg
974,MUMRS22031,R/South,Er. Eknath Solanki,Field Engineer (Hydraulic / Water Supply),BMC Hydraulic Engineer's Department,mum_engg
975,MUMRS22032,R/South,Er. Siddharth Bandal,Field Engineer (Hydraulic / Water Supply),BMC Hydraulic Engineer's Department,mum_engg
976,MUMRS22033,R/South,Er. Manoj Rane,Field Engineer (Hydraulic / Water Supply),BMC Hydraulic Engineer's Department,mum_engg
977,MUMRS22034,R/South,Er. Jayant Wani,Field Engineer (Hydraulic / Water Supply),BMC Hydraulic Engineer's Department,mum_engg
978,MUMRS22035,R/South,Er. Chetan Vaidya,Field Engineer (Gardens & Horticulture),BMC Gardens Department,mum_engg
979,MUMRS22036,R/South,Er. Shirish Deshmukh,Field Engineer (Gardens & Horticulture),BMC Gardens Department,mum_engg
980,MUMRS22037,R/South,Er. Sachin Bhoir,Field Engineer (Gardens & Horticulture),BMC Gardens Department,mum_engg
981,MUMRS22038,R/South,Er. Satish Bhosle,Field Engineer (Gardens & Horticulture),BMC Gardens Department,mum_engg
982,MUMRS22039,R/South,Er. Tushar Sonawane,Field Engineer (Gardens & Horticulture),BMC Gardens Department,mum_engg
983,MUMRS22040,R/South,Er. Mangesh Waghmare,Field Engineer (Sewerage Networks),BMC Sewerage Operations Department,mum_engg
984,MUMRS22041,R/South,Er. Mahesh Thorat,Field Engineer (Sewerage Networks),BMC Sewerage Operations Department,mum_engg
985,MUMRS22042,R/South,Er. Kishor Bhide,Field Engineer (Sewerage Networks),BMC Sewerage Operations Department,mum_engg
986,MUMRS22043,R/South,Er. Devendra Bhalerao,Field Engineer (Sewerage Networks),BMC Sewerage Operations Department,mum_engg
987,MUMRS22044,R/South,Er. Umesh Malvankar,Field Engineer (Sewerage Networks),BMC Sewerage Operations Department,mum_engg
988,MUMS023010,S,Er. Prakash Patil,Field Engineer (Mechanical & Electrical),BMC Mechanical & Electrical Department,mum_engg
989,MUMS023011,S,Er. Ramesh Chaudhari,Field Engineer (Mechanical & Electrical),BMC Mechanical & Electrical Department,mum_engg
990,MUMS023012,S,Er. Shrikant Sawant,Field Engineer (Mechanical & Electrical),BMC Mechanical & Electrical Department,mum_engg
991,MUMS023013,S,Er. Tanaji Londhe,Field Engineer (Mechanical & Electrical),BMC Mechanical & Electrical Department,mum_engg
992,MUMS023014,S,Er. Bhupesh Pednekar,Field Engineer (Mechanical & Electrical),BMC Mechanical & Electrical Department,mum_engg
993,MUMS023015,S,Er. Pradeep Dhumal,Field Engineer (Roads & Pavements),BMC Roads Department,mum_engg
994,MUMS023016,S,Er. Pandurang Tawde,Field Engineer (Roads & Pavements),BMC Roads Department,mum_engg
995,MUMS023017,S,Er. Kailas Jagdale,Field Engineer (Roads & Pavements),BMC Roads Department,mum_engg
996,MUMS023018,S,Er. Girish Shirodkar,Field Engineer (Roads & Pavements),BMC Roads Department,mum_engg
997,MUMS023019,S,Er. Nitin More,Field Engineer (Roads & Pavements),BMC Roads Department,mum_engg
998,MUMS023020,S,Er. Prashant Mhatre,Field Engineer (Solid Waste Operations),BMC Solid Waste Management Department,mum_engg
999,MUMS023021,S,Er. Rohit Shinde,Field Engineer (Solid Waste Operations),BMC Solid Waste Management Department,mum_engg
1000,MUMS023022,S,Er. Abhay Kharat,Field Engineer (Solid Waste Operations),BMC Solid Waste Management Department,mum_engg
1001,MUMS023023,S,Er. Dilip Salvi,Field Engineer (Solid Waste Operations),BMC Solid Waste Management Department,mum_engg
1002,MUMS023024,S,Er. Subhash Suryavanshi,Field Engineer (Solid Waste Operations),BMC Solid Waste Management Department,mum_engg
1003,MUMS023025,S,Er. Pramod Parab,Field Engineer (Storm Water Drains),BMC Storm Water Drains Department (SWD),mum_engg
1004,MUMS023026,S,Er. Atul Kute,Field Engineer (Storm Water Drains),BMC Storm Water Drains Department (SWD),mum_engg
1005,MUMS023027,S,Er. Suresh Pardeshi,Field Engineer (Storm Water Drains),BMC Storm Water Drains Department (SWD),mum_engg
1006,MUMS023028,S,Er. Ravindra Jadhav,Field Engineer (Storm Water Drains),BMC Storm Water Drains Department (SWD),mum_engg
1007,MUMS023029,S,Er. Ajit Gharat,Field Engineer (Storm Water Drains),BMC Storm Water Drains Department (SWD),mum_engg
1008,MUMS023030,S,Er. Sambhaji Pawar,Field Engineer (Hydraulic / Water Supply),BMC Hydraulic Engineer's Department,mum_engg
1009,MUMS023031,S,Er. Jitendra Sutar,Field Engineer (Hydraulic / Water Supply),BMC Hydraulic Engineer's Department,mum_engg
1010,MUMS023032,S,Er. Hemant Gore,Field Engineer (Hydraulic / Water Supply),BMC Hydraulic Engineer's Department,mum_engg
1011,MUMS023033,S,Er. Gajanan Vichare,Field Engineer (Hydraulic / Water Supply),BMC Hydraulic Engineer's Department,mum_engg
1012,MUMS023034,S,Er. Dnyaneshwar Kulkarni,Field Engineer (Hydraulic / Water Supply),BMC Hydraulic Engineer's Department,mum_engg
1013,MUMS023035,S,Er. Manohar Kokate,Field Engineer (Gardens & Horticulture),BMC Gardens Department,mum_engg
1014,MUMS023036,S,Er. Vilas Mandlik,Field Engineer (Gardens & Horticulture),BMC Gardens Department,mum_engg
1015,MUMS023037,S,Er. Vinod Kadam,Field Engineer (Gardens & Horticulture),BMC Gardens Department,mum_engg
1016,MUMS023038,S,Er. Sameer Khopkar,Field Engineer (Gardens & Horticulture),BMC Gardens Department,mum_engg
1017,MUMS023039,S,Er. Rajendra Chavan,Field Engineer (Gardens & Horticulture),BMC Gardens Department,mum_engg
1018,MUMS023040,S,Er. Deepak Raut,Field Engineer (Sewerage Networks),BMC Sewerage Operations Department,mum_engg
1019,MUMS023041,S,Er. Ashok Tambe,Field Engineer (Sewerage Networks),BMC Sewerage Operations Department,mum_engg
1020,MUMS023042,S,Er. Sudhakar Koli,Field Engineer (Sewerage Networks),BMC Sewerage Operations Department,mum_engg
1021,MUMS023043,S,Er. Yogesh Mohite,Field Engineer (Sewerage Networks),BMC Sewerage Operations Department,mum_engg
1022,MUMS023044,S,Er. Sunil Mane,Field Engineer (Sewerage Networks),BMC Sewerage Operations Department,mum_engg
1023,MUMT024010,T,Er. Sudhir Gokhale,Field Engineer (Mechanical & Electrical),BMC Mechanical & Electrical Department,mum_engg
1024,MUMT024011,T,Er. Santosh Gharpure,Field Engineer (Mechanical & Electrical),BMC Mechanical & Electrical Department,mum_engg
1025,MUMT024012,T,Er. Bhagwan Narvekar,Field Engineer (Mechanical & Electrical),BMC Mechanical & Electrical Department,mum_engg
1026,MUMT024013,T,Er. Vivek Gaikwad,Field Engineer (Mechanical & Electrical),BMC Mechanical & Electrical Department,mum_engg
1027,MUMT024014,T,Er. Arun Thakur,Field Engineer (Mechanical & Electrical),BMC Mechanical & Electrical Department,mum_engg
1028,MUMT024015,T,Er. Dattatray Kamble,Field Engineer (Roads & Pavements),BMC Roads Department,mum_engg
1029,MUMT024016,T,Er. Baban Gholap,Field Engineer (Roads & Pavements),BMC Roads Department,mum_engg
1030,MUMT024017,T,Er. Bhalchandra Solanki,Field Engineer (Roads & Pavements),BMC Roads Department,mum_engg
1031,MUMT024018,T,Er. Vijay Bandal,Field Engineer (Roads & Pavements),BMC Roads Department,mum_engg
1032,MUMT024019,T,Er. Chandrashekhar Rane,Field Engineer (Roads & Pavements),BMC Roads Department,mum_engg
1033,MUMT024020,T,Er. Amol Wani,Field Engineer (Solid Waste Operations),BMC Solid Waste Management Department,mum_engg
1034,MUMT024021,T,Er. Kiran Vaidya,Field Engineer (Solid Waste Operations),BMC Solid Waste Management Department,mum_engg
1035,MUMT024022,T,Er. Ganesh Deshmukh,Field Engineer (Solid Waste Operations),BMC Solid Waste Management Department,mum_engg
1036,MUMT024023,T,Er. Milind Bhoir,Field Engineer (Solid Waste Operations),BMC Solid Waste Management Department,mum_engg
1037,MUMT024024,T,Er. Vasant Bhosle,Field Engineer (Solid Waste Operations),BMC Solid Waste Management Department,mum_engg
1038,MUMT024025,T,Er. Swapnil Sonawane,Field Engineer (Storm Water Drains),BMC Storm Water Drains Department (SWD),mum_engg
1039,MUMT024026,T,Er. Anil Waghmare,Field Engineer (Storm Water Drains),BMC Storm Water Drains Department (SWD),mum_engg
1040,MUMT024027,T,Er. Sandip Thorat,Field Engineer (Storm Water Drains),BMC Storm Water Drains Department (SWD),mum_engg
1041,MUMT024028,T,Er. Avinash Bhide,Field Engineer (Storm Water Drains),BMC Storm Water Drains Department (SWD),mum_engg
1042,MUMT024029,T,Er. Kishore Bhalerao,Field Engineer (Storm Water Drains),BMC Storm Water Drains Department (SWD),mum_engg
1043,MUMT024030,T,Er. Rajesh Malvankar,Field Engineer (Hydraulic / Water Supply),BMC Hydraulic Engineer's Department,mum_engg
1044,MUMT024031,T,Er. Sanjay Patil,Field Engineer (Hydraulic / Water Supply),BMC Hydraulic Engineer's Department,mum_engg
1045,MUMT024032,T,Er. Shashikant Chaudhari,Field Engineer (Hydraulic / Water Supply),BMC Hydraulic Engineer's Department,mum_engg
1046,MUMT024033,T,Er. Eknath Sawant,Field Engineer (Hydraulic / Water Supply),BMC Hydraulic Engineer's Department,mum_engg
1047,MUMT024034,T,Er. Siddharth Londhe,Field Engineer (Hydraulic / Water Supply),BMC Hydraulic Engineer's Department,mum_engg
1048,MUMT024035,T,Er. Manoj Pednekar,Field Engineer (Gardens & Horticulture),BMC Gardens Department,mum_engg
1049,MUMT024036,T,Er. Jayant Dhumal,Field Engineer (Gardens & Horticulture),BMC Gardens Department,mum_engg
1050,MUMT024037,T,Er. Chetan Tawde,Field Engineer (Gardens & Horticulture),BMC Gardens Department,mum_engg
1051,MUMT024038,T,Er. Shirish Jagdale,Field Engineer (Gardens & Horticulture),BMC Gardens Department,mum_engg
1052,MUMT024039,T,Er. Sachin Shirodkar,Field Engineer (Gardens & Horticulture),BMC Gardens Department,mum_engg
1053,MUMT024040,T,Er. Satish More,Field Engineer (Sewerage Networks),BMC Sewerage Operations Department,mum_engg
1054,MUMT024041,T,Er. Tushar Mhatre,Field Engineer (Sewerage Networks),BMC Sewerage Operations Department,mum_engg
1055,MUMT024042,T,Er. Mangesh Shinde,Field Engineer (Sewerage Networks),BMC Sewerage Operations Department,mum_engg
1056,MUMT024043,T,Er. Mahesh Kharat,Field Engineer (Sewerage Networks),BMC Sewerage Operations Department,mum_engg
1057,MUMT024044,T,Er. Kishor Salvi,Field Engineer (Sewerage Networks),BMC Sewerage Operations Department,mum_engg
